#,Game Name,Total Visit Count
1,Adopt Me!,"14,244,331,994"
2,💙 MeepCity 💙,"7,499,324,296"
3,Tower of Hell,"6,451,448,586"
4,Piggy [BOOK 2] BOOK UPDATE!,"6,228,495,216"
5,Royale🌼High,"4,513,655,453"
6,Jailbreak,"4,289,116,047"
7,,"3,496,462,917"
8,Welcome to Bloxburg,"3,121,756,123"
9,🍕Work at a Pizza Place,"2,766,657,050"
10,Flee the Facility [Beta],"2,007,466,476"
11,Prison Life (Cars fixed!),"1,681,142,962"
12,Arsenal,"1,661,932,703"
13,Mad City,"1,433,064,630"
14,Super Hero Tycoon,"1,354,594,895"
15,Hide and Seek Extreme,"1,287,811,060"
16,Natural Disaster Survival,"1,262,906,345"
17,Epic Minigames,"1,194,879,697"
18,Dungeon Quest!,"1,109,445,109"
19,,"1,064,661,856"
20,Bee Swarm Simulator,"1,053,514,900"
21,,"1,009,701,772"
22,Weight Lifting Simulator 3,"997,248,780"
23,,"980,345,104"
24,Phantom Forces,"948,034,695"
25,Robloxian High School,"941,665,957"
26,[🍀SUPER LUCK🍀] Bubble Gum Simulator,"905,678,835"
27,Zombie Attack,"885,030,430"
28,Pet Simulator!,"864,161,569"
29,[🌙MOON!] Speed Run 4 🌘,"850,615,470"
30,The Floor Is LAVA! 🔥,"778,933,329"
31,Survive and Kill the Killers in Area 51 !!!,"756,243,252"
32,Ragdoll Engine,"702,635,260"
33,SharkBite 🦈,"701,295,776"
34,Parkour!,"697,039,511"
35,🌳 Lumber Tycoon 2,"679,071,135"
36,,"674,832,111"
37,,"662,903,510"
38,Granny,"651,243,586"
39,Counter Blox,"650,011,113"
40,❓ LUCKY BLOCKS Battlegrounds,"648,935,724"
41,[NEW] Assassin!,"646,074,648"
42,,"638,184,676"
43,,"615,181,544"
44,[UPDATE 14] Blox Fruits,"615,027,767"
45,(Goppie Pond) Loomian Legacy,"604,250,516"
46,Legends Of Speed ⚡,"585,722,750"
47,[UPDATE!] Zombie Rush,"579,285,003"
48,Roblox High School [Legacy],"575,753,883"
49,Family Paradise,"574,437,482"
50,Tower Defense Simulator,"572,391,127"
51,Vehicle Simulator,"562,060,286"
52,Islands 💧 [WATER & BANNERS!],"561,193,292"
53,[Zone Control! (KoTH)] Ro-Ghoul [ALPHA],"560,453,275"
54,Kitty SECRET ENDING!,"548,855,159"
55,[PART 8] Treacherous Tower,"536,745,138"
56,Breaking Point,"529,035,504"
57,⚔️ SKYWARS 🏹,"522,783,741"
58,[2x] Dragon Ball Rage,"506,981,497"
59,🔪 Bakon,"501,339,354"
60,Break In (Story),"498,567,733"
61,[STREAKS] BIG Paintball!,"498,427,541"
62,Theme Park Tycoon 2,"493,147,299"
63,Rob Mr Rich's Mansion Obby! (NEW READ DESC),"492,029,369"
64,BOOGA BOOGA - 2020,"484,841,838"
65,Pizza Factory Tycoon,"463,151,861"
66,Waterpark,"461,255,910"
67,SEASON 4💥 Anime Fighting Simulator,"456,463,648"
68,Flood Escape 🌊,"450,346,754"
69,,"434,734,414"
70,Be Crushed by a Speeding Wall,"431,594,621"
71,[FIXES🔨] Robloxian Life,"414,568,606"
72,The Normal Elevator,"409,576,361"
73,Car Crushers 2,"392,320,177"
74,Adopt and Raise,"389,360,702"
75,,"387,567,415"
76,Tower Battles,"380,554,760"
77,Treasure Hunt Simulator,"379,878,276"
78,[2X LUCK] Saber Simulator,"373,373,250"
79,[SPELLS] Wizard Tycoon - 2 Player,"368,363,616"
80,Strucid [BETA],"366,127,547"
81,,"364,231,556"
82,Be A Parkour Ninja,"356,759,312"
83,🔥MINI ROYALE! Island Royale,"352,784,786"
84,Restaurant Tycoon,"351,154,655"
85,Roblox High School 2,"348,168,849"
86,Dragon Ball Z Final Stand,"345,314,420"
87,,"336,737,258"
88,,"336,048,775"
89,[FREE ITEMS] 💡 Flicker,"327,553,185"
90,Mega Easy Obby 🌟 700 Stages!,"326,479,814"
91,,"323,934,716"
92,KAT!,"323,127,672"
93,🔪Survive the Killer!,"320,207,915"
94,Broken Bones IV,"319,270,930"
95,,"319,071,379"
96,,"303,580,682"
97,,"302,626,304"
98,MEGA UPDATE! 💥 Destruction Simulator,"301,513,482"
99,,"297,397,224"
100,Blox Hunt | v2.7.25,"293,259,996"
101,[CREATION] Elemental Battlegrounds,"290,207,182"
102,Ripull Minigames,"286,946,727"
103,,"286,333,830"
104,Deathrun SEASON 7 🍅🎁,"285,242,968"
105,Restaurant Tycoon 2,"284,388,877"
106,The Neighborhood of Robloxia,"280,679,610"
107,[FREE ADMIN],"279,742,557"
108,,"276,589,854"
109,,"269,730,750"
110,Redwood Prison,"269,188,334"
111,[05/16] Corridor of Hell,"267,719,232"
112,,"264,571,383"
113,A Bizarre Day,"261,751,455"
114,Read Description!,"261,286,836"
115,Piggy but it's 100 Players,"257,104,028"
116,Spider,"256,979,562"
117,Kohls Admin House NBC,"251,968,155"
118,[BACK] 2 Player Superhero Tycoon,"250,310,822"
119,Boku No Roblox: Remastered,"249,232,499"
120,High School Life,"247,111,851"
121,,"245,490,448"
122,Dragons' Life,"241,556,680"
123,,"237,352,617"
124,[UPDATE] Teen Titans Battlegrounds,"235,637,029"
125,Catalog Heaven,"231,381,430"
126,,"229,440,129"
127,,"228,332,244"
128,Design It!,"225,713,358"
129,,"221,356,555"
130,,"216,959,046"
131,,"213,536,582"
132,🌻EVENT🌻Treasure Quest,"212,664,358"
133,Survive The Disasters! Classic,"209,190,618"
134,Rumble Quest,"205,864,240"
135,Horse World,"205,202,955"
136,ESCAPE THE HOTEL! (OBBY) READ DESC!,"205,167,236"
137,Survival The Jeff The Killer,"203,030,379"
138,💪 Muscle Legends,"202,690,305"
139,Get Eaten!,"202,407,278"
140,My Restaurant!,"201,102,440"
141,Dinosaur Simulator,"199,085,335"
142,,"198,141,728"
143,,"197,753,924"
144,💥 Super Power Training Simulator,"196,347,450"
145,CRIMINAL VS. SWAT,"193,759,366"
146,Retail Tycoon,"193,480,362"
147,A Wolf Or Other,"193,046,101"
148,Field Trip Z,"192,524,448"
149,Robloxian Waterpark,"191,452,747"
150,Horror Tycoon,"190,744,598"
151,[🎪 CARNIVAL AU] The Pizzeria Roleplay: Remastered,"190,445,309"
152,🌷The Elevator (Spring Update),"188,012,351"
153,💥Scary Elevator! *NEW KILLERS*,"186,533,415"
154,Escape Banana Guy!,"184,466,944"
155,Camping,"183,601,056"
156,Home Tycoon 2.0 🏡 [CARS],"182,639,731"
157,Baldis Basics Parkour,"181,531,910"
158,👶 DAYCARE! Club Roblox,"181,409,191"
159,Horrific Housing,"178,744,886"
160,Theme Park HeideLand 🎢,"174,981,208"
161,,"173,917,672"
162,BEAR (Alpha),"173,411,195"
163,Dragon Adventures,"172,533,471"
164,[METAVERSE] 📦 Unboxing Simulator 📦,"172,378,737"
165,Would You Rather..?,"167,605,264"
166,Daycare 🎈 (Story),"167,397,086"
167,,"167,115,676"
168,,"166,728,089"
169,Where's the Baby!,"164,685,295"
170,Airplane [Story] ✈️,"164,101,638"
171,Texting Simulator 💬,"162,611,483"
172,Da Hood,"162,333,706"
173,😃CODE: YAY 🍼Baby Simulator👶,"161,870,978"
174,🚗 +2 CARS! 🚗 Car Dealership Tycoon,"161,033,289"
175,[BACKPACKS] BALDI's BASICS Multiplayer,"160,364,777"
176,Miner's Haven,"155,327,011"
177,,"154,452,689"
178,Animatronic World !,"153,105,740"
179,Escape School Obby! (READ DESC),"149,954,829"
180,Feather Family [🏥 VET],"148,492,061"
181,,"146,374,392"
182,[DUAL WIELD❗] Zombie Strike [BETA],"145,733,789"
183,🗼 Climb Time,"143,784,380"
184,Skate Park [Classic] 🛹,"143,649,337"
185,Escape The Office Obby! (READ DESC),"143,177,370"
186,Reason 2 Die Awakening,"142,856,192"
187,Wizard Tycoon,"142,612,865"
188,Escape Grandpas House Obby!,"142,067,806"
189,,"141,474,651"
190,,"140,749,266"
191,Escape The School Obby!,"138,704,805"
192,Hotel,"137,961,352"
193,Rogue Lineage,"137,459,467"
194,Paradise Life,"137,171,815"
195,,"135,492,647"
196,,"135,326,567"
197,💣Super Bomb Survival,"135,105,210"
198,,"134,644,016"
199,Greenville,"133,404,197"
200,Airport Tycoon!,"133,358,893"
201,,"133,061,995"
202,[NEW GUN!] Bad Business 2.31,"132,400,429"
203,,"131,762,619"
204,,"131,745,435"
205,Knife Simulator,"131,621,576"
206,Notoriety,"131,496,066"
207,,"131,203,185"
208,🌟 X2! Magnet Simulator ⚡,"130,579,417"
209,Freeze Tag💎,"128,893,642"
210,SL,"128,671,016"
211,[2x EXP] Beyond Beta,"128,487,839"
212,Princess Tycoon,"128,241,569"
213,[CMDS] Animations: Mocap,"125,048,472"
214,[DESC.] Make a Cake: Back for Seconds!,"124,219,999"
215,Parkour,"123,853,834"
216,Project JoJo,"122,361,645"
217,Camping 2,"122,243,003"
218,Color Craze,"121,395,867"
219,Pick A Side,"120,672,156"
220,,"120,522,387"
221,[YIN / YANG] Ninja Assassin,"120,498,454"
222,,"120,279,438"
223,,"119,771,304"
224,Super Hero Life II,"118,342,176"
225,,"116,987,238"
226,Don't Press The Button [UPDATE],"115,850,511"
227,TSUNAMI SURVIVAL,"115,846,810"
228,Bakers Valley,"115,152,055"
229,[💸2X COINS] 🐾 Pet Ranch Simulator,"114,516,883"
230,[Candy!] ICE CREAM SIMULATOR 🍦,"113,449,949"
231,,"112,772,162"
232,,"112,154,800"
233,The Floor Is Lava (Original),"112,077,991"
234,Swordburst 2,"111,854,807"
235,,"111,839,553"
236,Roblox Talent Show 🎤,"111,211,973"
237,,"111,006,638"
238,House Tycoon,"110,274,506"
239,Football Fusion,"110,066,777"
240,,"109,421,565"
241,,"109,402,608"
242,???,"109,278,375"
243,Thrive to Survive the Disasters! *Version 1.17.2*,"109,220,600"
244,Granny Granny Granny Granny Granny,"108,195,651"
245,[Alpha]steve's one piece,"107,899,771"
246,Entry Point,"107,014,901"
247,,"105,460,950"
248,,"104,261,344"
249,,"104,203,207"
250,,"103,032,700"
251,☄️ SABER UPDATE! 🌑 Superhero Simulator,"102,605,186"
252,2 Player Super Hero Tycoon,"102,477,827"
253,Airplane 2 [Story] ✈️,"102,033,781"
254,Airplane 3 [Story] ✈️,"101,007,404"
255,,"100,246,902"
256,Downfall [Sandbox],"98,598,654"
257,Power Simulator,"98,375,853"
258,[PVP ⚔️] High School,"98,164,495"
259,Dragon Blox Ultimate,"97,676,373"
260,Egg Farm Simulator,"97,445,165"
261,,"97,168,277"
262,MUSCLE SIMULATOR,"96,386,537"
263,CODE:110Mvisits ⚡Warrior Simulator!💪,"95,003,168"
264,Wild Revolvers,"94,632,379"
265,,"92,489,655"
266,Hospital Life 🏥,"92,431,999"
267,Dance Your Blox Off,"92,033,589"
268,,"91,935,746"
269,,"91,886,591"
270,Naval Warfare,"91,511,329"
271,Roblox Uno,"90,149,559"
272,,"89,206,907"
273,Survive The Red Dress Girl,"88,932,333"
274,Impostor [Beta],"88,480,710"
275,Farm World,"88,199,367"
276,✨TRADING✨ Murder Mystery X,"87,934,418"
277,Hoho's Water Park,"87,755,888"
278,🕷️ Spider-Man Simulator,"87,288,514"
279,RoBeats! 🎵 [MMO Rhythm Game],"87,144,024"
280,[ Content Deleted ],"85,336,008"
281,🌲🌹 Sonic Pulse RP || Trial and Lore 🌹🌲,"84,350,835"
282,Banana Eats,"84,185,956"
283,⚔️ Tower Heroes,"83,519,282"
284,,"83,386,632"
285,,"81,349,590"
286,😱 Giant Survival!,"81,296,837"
287,(NEW!) Spy Training Obby! (READ DESC),"80,984,441"
288,,"80,498,259"
289,Mad Games (v2.32),"80,418,297"
290,☁️SKY ISLANDS🏝️ Speed Run Simulator ⚡,"79,168,909"
291,,"79,021,615"
292,BlockParty 🎉 [#STAYHOME],"78,613,791"
293,,"78,457,338"
294,Vacation ✈️ [Story],"78,292,904"
295,☃️ PETS! Snowman Simulator ☃️,"77,900,413"
296,Bloxtropica!,"77,766,403"
297,,"77,342,971"
298,,"77,158,387"
299,Speed Simulator,"77,156,216"
300,Build to Survive!,"76,929,366"
301,TAPPING SIMULATOR,"76,675,125"
302,Iron Man Simulator,"75,547,739"
303,Prison Royale,"75,250,328"
304,Weight Lifting Simulator 2,"75,221,291"
305,🔑 Eviction Notice,"75,166,048"
306,(NEW!) Escape The MALL Obby! (Read Desc!),"74,842,202"
307,[ Content Deleted ],"74,728,840"
308,Shard Seekers,"74,554,290"
309,🌈MAPS!🌈Murder Mystery 3,"73,588,672"
310,💰 x20 MONEY 💰 🍃 LAWN MOWING SIMULATOR ⚡,"73,125,551"
311,Gun Simulator,"72,818,047"
312,🐾Pet Ranch Simulator 2 🐾,"71,398,760"
313,Thick Legends,"71,349,001"
314,Scuba Diving at Quill Lake 🤿,"70,996,298"
315,Escape The Gym Obby!,"70,963,694"
316,,"70,848,130"
317,The Maze,"70,385,822"
318,💰Billionaire Simulator💰,"69,848,546"
319,The Mad Murderer,"69,337,137"
320,[Golden Items!] 💪Mega Noob Simulator💪,"69,015,140"
321,[LIMITED ITEMS] Case Clicker,"68,969,284"
322,Escape Room,"68,915,014"
323,🔨Plane Crazy🔨,"68,842,941"
324,Pet Simulator 2!,"68,831,518"
325,Fredbear's Mega Roleplay,"68,637,290"
326,,"68,486,420"
327,Survival The Killers!,"68,272,397"
328,,"67,874,197"
329,Noob Train [Alpha],"67,787,664"
330,,"67,423,344"
331,[🐲 DRAGONS] ⚔️ Slaying Simulator,"67,232,911"
332,Armored Patrol v9.1,"67,157,783"
333,Hospital RP! 🏥 (VR),"66,685,707"
334,New Escape the Haunted House Obby,"66,548,268"
335,,"66,421,495"
336,💥Base Wars! [ Update 02/24 ],"66,368,158"
337,,"66,280,267"
338,Escape North Pole Obby!,"65,950,815"
339,[Beta] One Piece: Legendary,"65,758,520"
340,😱FREE PET!😱Boxing Simulator 🥊,"65,543,193"
341,,"65,361,266"
342,,"65,258,394"
343,Trade Hangout,"64,944,185"
344,,"64,875,022"
345,[ Content Deleted ],"64,614,812"
346,B-10 Fighting Game,"64,603,740"
347,Vehicle Legends,"64,549,833"
348,Dimension 23,"64,546,851"
349,[🎮] GET THE BANANAS BACK!! Adventure Obby,"64,410,934"
350,[2x XP] One Piece: Millennium 1,"64,069,854"
351,Driving Simulator,"63,497,381"
352,,"63,460,730"
353,[🍦🍦 Truck] Backpacking,"63,381,640"
354,Emergency Response: Liberty County,"63,361,034"
355,,"62,685,401"
356,The Schoolhouse,"62,648,770"
357,🏖️ SUMMER Weight Lifting Simulator 4,"62,578,723"
358,⚽ Super Striker League,"62,139,842"
359,,"61,966,948"
360,Sinking Ship,"61,893,438"
361,[Part 8!] Ronald 🤡,"61,516,604"
362,(Update) Escape Prison Obby! (READ DESC),"61,060,559"
363,,"60,991,710"
364,Auto Rap Battles,"60,989,658"
365,SoulShatters Test Place,"60,550,670"
366,,"60,480,202"
367,2 Player Secret Hideout Tycoon,"60,238,885"
368,,"59,942,855"
369,[ BLEACH ] Anime Battle Arena,"59,818,201"
370,[💰Gold Boost!] Giant Simulator,"59,615,466"
371,Roleplay World (Classic),"59,384,589"
372,BLOODFEST [mobile fix],"58,855,753"
373,Pet🐶Escape 2,"58,805,115"
374,🥚 Eg!,"58,455,708"
375,Can you survive lava in a 100 story house?,"58,455,549"
376,🥊Boxing Simulator 2,"58,370,392"
377,⚔️ Anime Tycoon ⚔️,"57,991,432"
378,🍦 ICE CREAM VAN SIMULATOR,"57,816,090"
379,[5000X] Blade Throwing Simulator,"57,495,463"
380,,"57,289,159"
381,🏙️Super Mansion Tycoon 2,"57,183,229"
382,DODGEBALL!,"57,012,000"
383,Field of Battle,"57,004,277"
384,Roblox Creator Challenge,"56,996,754"
385,The CrusheR,"56,707,615"
386,[ Content Deleted ],"56,557,289"
387,,"56,445,074"
388,⚡ Super Power Fighting Simulator,"56,406,157"
389,Wolves' Life Dawn Beta,"56,364,935"
390,Ro-Trip,"56,317,664"
391,Ragdoll System Test,"56,171,883"
392,,"56,059,104"
393,The Conquerors 3,"56,020,388"
394,2PGFT Remastered,"55,962,399"
395,Roblox Point - Theme Park [Classic] 🎢,"55,637,415"
396,,"55,598,497"
397,[ StarPlatinum OH Event ! ] Bizarre Blox,"55,596,503"
398,Build to survive!,"55,448,663"
399,,"55,412,175"
400,Survival The Hulk The Killer,
401,[Metaverse] Whatever Floats your Boat,"55,162,820"
402,Murder 15,"55,045,621"
403,Stand Upright [testing],"54,981,694"
404,[ DRAGON 🐉 ] King Legacy,"54,741,391"
405,🔨Building Simulator🏢,"54,451,286"
406,Cruise [Story] 🛳,"54,399,420"
407,Paradise Life,"53,897,874"
408,⚡️✨ The Dropper [112+ STAGES] ✨⚡️,"53,649,516"
409,,"53,526,610"
410,Escape The Ice Cream Shop Obby!,"53,492,836"
411,[UPDATE] RPG Simulator,"53,113,191"
412,🎉62M EVENT🎉 Champion Simulator,"52,904,870"
413,Ragdoll Testing,"52,715,841"
414,,"52,647,849"
415,The Creepy Elevator,"52,533,561"
416,Survival The Granny The Killer,"52,478,525"
417,Tower of Fun,"52,439,673"
418,Project Lazarus: 💀 ZOMBIES 💀 [CROSSBOW!],"52,435,886"
419,Giant Dance Off Simulator,"52,411,386"
420,(EASY) SUPER FUN MUSIC OBBY (250 STAGES),"52,387,581"
421,Obstacle Paradise,"52,281,837"
422,Icebreaker!,"51,953,725"
423,Kingdom Life™ II,"51,669,729"
424,Mansion,"51,510,843"
425,Overlook Bay!🌋,"51,456,796"
426,Pilot Training Flight Simulator,"51,257,339"
427,[WINTER] Bunny's Funeral,"51,240,161"
428,,"51,131,264"
429,Live Life Rich and Famous!,"50,844,757"
430,,"50,584,000"
431,Ore Tycoon 2,"50,483,468"
432,The Wild West,"50,391,593"
433,🍕Pizza Tycoon! 2 PLAYER!,"50,330,760"
434,[🏫 School!] RoVille,"50,207,195"
435,Cart Ride Into Rdite!,"50,084,601"
436,Phenom,"50,079,631"
437,Insane Elevator! *CARTOON CAT & AMONG US IMPOSTER*,"49,937,781"
438,Ninja Tycoon,"49,880,345"
439,,"49,491,961"
440,Blackhawk Rescue Mission 5,"49,421,476"
441,Katana Simulator,"49,365,618"
442,,"49,117,728"
443,[250] Cool Obby 2,"49,070,994"
444,Bed Wars! (Hit Follow!),"48,933,007"
445,,"48,821,557"
446,[MECHA + 2x EXP] Shindo,"48,814,511"
447,Military Warfare Tycoon,"48,800,393"
448,Ninja Masters,"48,645,940"
449,Tiles Hop (65M+),"48,542,810"
450,Ben 10: Super Hero Time *BETA*,"48,391,482"
451,[x500 EXP] Dragon Ball Burst,"48,320,440"
452,,"48,308,461"
453,2 Player Ninja Tycoon,"47,778,177"
454,(DRONE GP) AoA!!!,"47,534,605"
455,,"47,312,295"
456,,"47,110,731"
457,Adventure Up!,"46,975,724"
458,,"46,937,856"
459,,"46,849,328"
460,Guest World,"46,738,555"
461,🤑X100 STATS🤑 Speed Champions,"46,516,764"
462,My Droplets (Beta),"46,508,022"
463,CRITICAL STRIKE v5.7.5,"46,455,858"
464,⚔️ RPG World,"46,415,716"
465,,"46,264,633"
466,Overnight [Story],"46,091,748"
467,,"46,039,343"
468,Super Fun Easy Obstacle Course,"45,940,454"
469,Elimination Tower,"45,737,306"
470,Fart Attack,"45,695,562"
471,2 Player Super Hero Tycoon,"45,582,340"
472,,"45,501,996"
473,,"45,257,658"
474,,"45,133,634"
475,,"45,064,246"
476,Sword Fighting Tournament,"44,991,009"
477,,"44,934,967"
478,Lab Experiment,"44,894,176"
479,Munching Masters 🍔,"44,885,700"
480,🎨 Paint 'N Guess,"44,817,228"
481,Super Fun Obby 🌟 205 Stages!,"44,792,300"
482,Daycare 2 🎈 (Story),"44,736,068"
483,,"44,660,904"
484,Vampire Hunters 2,"44,654,420"
485,,"44,545,098"
486,Big Brain Simulator🧠,"44,532,863"
487,Roleplay Universe 🤠,"44,437,560"
488,Moon Tycoon,"44,437,465"
489,Gravity Shift,"44,381,012"
490,Adopt and Raise a Baby,"44,242,776"
491,,"44,227,561"
492,Escape School Obby!,"44,163,348"
493,,"44,137,082"
494,Elemental Dragons Tycoon [Poison Floor],"43,910,224"
495,Infection Inc. [Probes!],"43,350,247"
496,,"43,310,268"
497,🔴 ROBLOX Wipeout,"43,228,742"
498,Noodle Arms,"43,189,609"
499,Framed!,"43,039,552"
500,,"42,814,591"
501,🦒NEW GIRAFFE PET!🦒Pet Show Dress Up!,"42,784,887"
502,,"42,624,948"
503,The Stalker: Reborn,"42,426,894"
504,,"42,385,751"
505,,"42,318,531"
506,,"42,301,185"
507,Azure Mines,"42,202,411"
508,Electric State DarkRP(Beta),"42,187,105"
509,Roblox Creator Challenge,"42,019,412"
510,Dragon Riders,"42,007,911"
511,,"41,937,513"
512,💇‍♀️Stylz Makeover🌈,"41,581,899"
513,[X3] Anime Cross 2,"41,455,389"
514,Ro-Piece,"41,280,690"
515,Let's Party∞ +Gear Testing Edition[READ THE DESC],"41,271,464"
516,[ALPHA] PolySonic RP,"41,237,553"
517,Boxing League 🥊,"41,226,312"
518,Wild Savanna (W.I.P),"41,036,119"
519,Island Life,"41,017,461"
520,[ Content Deleted ],"40,856,198"
521,[ Content Deleted ],"40,851,176"
522,Hotel Stories,"40,767,663"
523,Bird Simulator,"40,681,319"
524,Mermaid Life,"40,676,693"
525,🔥🚘Gas Station Simulator,"40,647,275"
526,Time Travel Adventures,"40,586,112"
527,Arcane Adventures [BROKEN],"40,465,104"
528,Horse Valley Legacy,"40,326,197"
529,😈CODE: DEMON ⚔️ Boss Fighting Simulator,"40,089,158"
530,🕵️ [MAFIA] Military Simulator,"39,994,955"
531,High School Dorm Life (Fixed),"39,938,181"
532,Blox Royale Tycoon,"39,914,086"
533,🐍 Slime Factory Tycoon,"39,878,898"
534,Elemental Wars [Read Description],"39,768,287"
535,Cook Burgers,"39,737,744"
536,The Labyrinth,"39,312,116"
537,Wizard Simulator,"39,026,198"
538,Mad Paintball [FPS],"38,978,115"
539,Roblox Creator Challenge,"38,873,236"
540,,"38,858,699"
541,[CURRENTLY BEING REVAMPED] Tower of Hell - Medium,"38,746,221"
542,Battle As A Giant Boss,"38,700,836"
543,Climb 2000 Stairs to VIP,"38,684,001"
544,[Code: BREAD] Speed Simulator X,"38,562,511"
545,FNaF : Support Requested,"38,455,421"
546,Dragon Ball Tycoon,"38,367,091"
547,,"38,355,577"
548,The Final Stand 2 [5.3] Easter update!,"38,333,415"
549,,"38,330,341"
550,,"38,250,006"
551,Book of Monsters,"38,193,670"
552,Greenwood Town [Classic],"38,105,602"
553,[ Content Deleted ],"37,955,752"
554,,"37,854,253"
555,Blockate,"37,759,355"
556,Weight Lifting Simulator 3,"37,754,118"
557,,"37,641,505"
558,🔥UPDATE 3🔥 Super Saiyan Simulator 2,"37,630,720"
559,🌸 Barbie Life in the Dream House Tycoon 🌸,"37,588,985"
560,Super Blocky Ball,"37,544,708"
561,,"37,435,040"
562,Creator Challenge Quiz,"37,354,336"
563,,"37,248,631"
564,Freeze Tag!,"37,230,403"
565,Free Draw 2,"37,172,686"
566,Escape The Zombie Pool Obby!,"37,091,689"
567,Troll Obby,"37,062,150"
568,(EASTER) Baldi’s Basics Roleplay,"37,024,542"
569,Club Iris,"36,982,480"
570,[Underworld]God Simulator 2,"36,949,771"
571,Tradelands,"36,894,475"
572,SCP-3008 [2.6],"36,887,892"
573,TNT Rush! - New Maps!,"36,723,948"
574,✈️ Fly an Airplane [Flight Simulator],"36,663,039"
575,RB World 2,"36,601,004"
576,[SCP] Site-61 ROLEPLAY,"36,560,132"
577,JERRY [RESCUE MODE] - NEW BUNDLES!,"36,466,585"
578,Army Tycoon💣,"36,446,534"
579,,"36,432,529"
580,Obby King Remastered,"36,344,162"
581,Medieval Warfare: Reforged,"36,129,232"
582,,"36,028,935"
583,Zombie Stories Beta,"36,006,123"
584,,"35,902,163"
585,Pirate Simulator! ☠️,"35,878,674"
586,ALONE IN A DARK HOUSE,"35,721,390"
587,POLYGUNS,"35,677,249"
588,Football Universe,"35,653,873"
589,Wolves' Life 2,"35,544,462"
590,,"35,367,467"
591,Age of Heroes,"35,354,792"
592,Free Items Game!,"35,304,236"
593,Car Suspension Test [Apache Helicopter],"35,232,765"
594,💇 Work at Boho Salon!,"35,147,168"
595,Little Angels Daycare V12,"35,045,844"
596,,"35,042,127"
597,"Game Store Tycoon 🎮 *43,000,000*","35,020,618"
598,,"34,961,509"
599,Mega Fun Obby!!,"34,861,154"
600,,"34,806,084"
621,[ Content Deleted ],"33,020,662"
622,,"32,990,013"
623,Slender Man's Revenge REBORN [HAUNTING HOUR],"32,970,431"
624,,"32,955,172"
625,🔥UPDATE🔥Adonis Admin House,"32,842,153"
626,[ Content Deleted ],"32,815,772"
627,B: Rebirth,"32,740,724"
628,Car Crushers 1,"32,708,458"
629,One Piece Open Seas,"32,472,041"
630,EATING SIMULATOR 2 🍕,"32,456,259"
631,[ Content Deleted ],"32,455,565"
632,Jet Wars: Advanced Battle,"32,434,047"
633,GOD TYCOON,"32,110,746"
634,💥 ALONE 💥 Battle Royale,"32,098,094"
635,,"32,060,846"
636,,"31,990,614"
637,Disaster Island,"31,958,281"
638,War Simulator,"31,824,697"
639,,"31,729,759"
640,,"31,675,763"
641,Parkour!,"31,389,285"
642,🍀 Blob Simulator 2!,"31,371,102"
643,,"31,356,042"
644,Deleted Idk why,"31,342,626"
645,Shouting Simulator,"31,265,190"
646,[ Content Deleted ],"31,232,581"
647,⚙️ MegaMech ⚙️,"31,167,204"
648,[ ROBLOX ] Hello Neighbor - UPDATES,"31,149,062"
649,[NEW] Skyscraper Tycoon,"31,130,658"
650,Total Roblox Drama,"31,108,939"
651,TiBB has been removed due to copyright,"31,107,440"
652,Ninja Tycoon (v3.7),"31,008,676"
653,Adopt and Raise,"30,982,174"
654,The Real Easy Inflatable Parkour Obby,"30,973,743"
655,Unit 1968,"30,961,795"
656,,"30,934,781"
657,,"30,898,015"
658,,"30,680,869"
659,[REBIRTH🎫] 🌳Super Treehouse Tycoon,"30,660,414"
660,Juke's Towers of Hell,"30,655,057"
661,CookieSwirlC World,"30,621,212"
662,,"30,542,824"
663,Super Hero Life,"30,518,517"
664,Coded Clothing Store,"30,471,446"
665,Granny Rollercoaster!,"30,450,424"
666,,"30,433,875"
667,,"30,321,128"
668,,"30,267,677"
669,Egg Hunt 2017: The Lost Eggs,"30,256,128"
670,⚡ CODE SHOCK 🥚 Egg Simulator,"30,227,240"
671,The Mad Murderer 2,"30,211,160"
672,2 Player Youtube Tycoon!,"30,182,305"
673,🍰 [UPDATE 2] OM NOM SIMULATOR,"30,160,012"
674,Bloxton Hotel,"30,159,569"
675,Innovation Labs,"30,130,668"
676,,"30,061,593"
677,Classic Sonic Simulator V9,"29,969,512"
678,(Update) Corridor of YouTubers!,"29,964,779"
679,,"29,889,103"
680,,"29,872,589"
681,[ Content Deleted ],"29,804,771"
682,Draw It!,"29,790,427"
683,,"29,784,361"
684,Castle [Story] 🏰,"29,618,404"
685,Granny Island,"29,595,179"
686,🎢 Disney World Ultimate Theme Park,"29,522,237"
687,,"29,435,206"
688,Jump Over The Walls,"29,281,797"
689,,"29,253,349"
690,Robot 64,"29,247,494"
691,After The Flash: Mirage,"29,245,759"
692,Rocket Simulator,"29,168,660"
693,🔥 Zombie Uprising 🔥,"29,116,425"
694,Forgotten Worlds,"29,116,020"
695,[ Content Deleted ],"29,054,232"
696,Maintenance,"29,029,718"
697,🎈 UPDATE 🎈 Balloon Simulator,"28,969,323"
698,THE RAKE™: Classic Edition | HALLOWS 🎃,"28,902,644"
699,Hmm...,"28,891,514"
700,⭐ x888 🔨Hammer Simulator!,"28,890,593"
701,Musical Chairs!,"28,873,123"
702,,"28,704,688"
703,Sans Multiversal Battles: Legacy Edition,"28,640,510"
704,Admin Simulator,"28,591,936"
705,Thrive To Survive Killers,"28,481,053"
706,🍒Pac-Blox!,"28,424,119"
707,[Read Description],"28,383,079"
708,Gacha Life Roleplay!,"28,318,690"
709,,"28,118,963"
710,,"28,100,984"
711,Battleship Tycoon,"28,004,683"
712,,"27,931,013"
713,,"27,909,664"
714,🎩Hat Simulator🎩,"27,898,696"
715,Tetragon Fortress,"27,865,458"
716,Blox World 🎢 Theme Park,"27,795,367"
717,Person299's Minigames V3 [New Minigames!],"27,724,424"
718,NEW GAME IN DESCRIPTION,"27,717,828"
719,💥OP NINJA SIMULATOR🔥,"27,701,302"
720,,"27,659,702"
721,Reaper Simulator,"27,570,973"
722,Egg Hunt 2019 Scrambled In Time,"27,549,205"
723,,"27,536,395"
724,Wizard Life,"27,513,414"
725,Ru ze's Tower Of Hell,"27,483,296"
726,Baldi's SUPER RP!,"27,204,811"
727,,"27,170,467"
728,Cleaning Simulator,"27,088,837"
729,FIRST ORDER [RP] (read description),"27,088,675"
730,New Skins Role Play,"27,060,908"
731,Driving Empire,"27,052,605"
732,⚔️ Viking Simulator,"26,927,836"
733,[🥚 EGG HUNT 🥚 PART 1] Stands Online v22,"26,899,465"
734,[Uncopylocked] Heroes!,"26,871,656"
735,⚠️ READ DESC❗ 🌇Sunset City,"26,811,074"
736,|| Pool Tycoon 4 ||,"26,780,909"
737,Typical Colors 2,"26,637,402"
738,Survive the Epic Disasters!,"26,623,955"
739,Pinewood Space Shuttle Advantage,"26,565,391"
740,☄️Don't Press The Button 4,"26,523,383"
741,Sandbox (1),"26,452,200"
742,Robloxity,"26,399,545"
743,2 Player Military Tycoon SEASON2,"26,365,757"
744,Ghouls : Bloody Nights [ALPHA],"26,320,625"
745,,"26,287,506"
746,ROBLOX Hello Neighbor - Hello Neighbor,"26,261,669"
747,Skyscraper Tycoon🏙️,"26,114,270"
748,Area 47: Roleplay,"26,080,372"
749,[NEW MAP] Those Who Remain,"25,950,153"
750,Escape SLIME Obby!,"25,946,372"
751,Streets of Bloxwood: Remastered,"25,873,919"
752,💪 Fitness Simulator,"25,837,172"
753,The Complex V7 (R15) Vip works Both,"25,706,532"
754,survival the viacom the killer,"25,682,510"
755,Attack On Titan [BETA],"25,677,605"
756,,"25,645,344"
757,Submarine [Story] 🌊,"25,520,019"
758,Miraculous Roleplay,"25,519,764"
759,,"25,411,993"
760,Closed,"25,393,503"
761,,"25,368,231"
762,Granny: Chapter Two,"25,346,375"
763,💥Red vs Blue Gun Battle!💥 [NEW GUNS!],"25,337,621"
764,👨‍💻 Captive 🏃,"25,332,381"
765,,"25,219,458"
766,🐇BUNNIES! 🐇 - Pixel Art Creator,"25,171,920"
767,🌀Summoner Tycoon,"25,161,570"
768,,"25,158,647"
769,Dollhouse Roleplay,"25,096,863"
770,The Easy Really Parkour Obby!,"25,089,048"
771,The Underground War,"25,083,130"
772,Human Giraffe,"25,015,842"
773,Roblox Fitness Center,"25,005,533"
774,[🐣EASTER!🐣] Soda Simulator,"24,975,369"
775,Gardens vs Graves Battlegrounds,"24,873,748"
776,[2x XP] One Piece: Millennium 2,"24,583,032"
777,🐉Godzilla Simulator! (Desc),"24,552,784"
778,🐧Animal Simulator,"24,515,694"
779,TPS: Street Soccer,"24,447,643"
780,FISHING SIMULATOR 🎣🐟,"24,447,277"
781,Survive the Night Teleporter,"24,444,895"
782,Job Simulator,"24,302,178"
783,The Northern Frontier,"24,282,039"
784,Fast Food Simulator,"24,241,724"
785,⚔️ Pet Trainer Simulator,"24,171,278"
786,meeps (testing),"24,161,991"
787,NEW Adopt and Raise a Cute Baby,"24,154,272"
788,2 Player Horror Tycoon,"24,138,671"
789,Escape McDonalds Obby!,"24,081,720"
790,Innovation Arctic Base,"24,068,605"
791,,"24,038,986"
792,👮 Border Roleplay | The Grand Crossing,"23,986,836"
793,,"23,963,462"
794,Escape The Treehouse Obby!,"23,884,254"
795,Push Dummies Down The Sparta Hole!,"23,875,651"
796,Cube Defense,"23,830,454"
797,,"23,821,939"
798,Piano Keyboard v1.1,"23,718,406"
799,👪FAMILY! | Boys and Girls Night Club!,"23,715,024"
800,🏖 [SUMMER UPDATE] Simon Says,"23,673,165"
801,[LABPASS] Deadlocked Battle Royale (Beta),"23,617,307"
802,,"23,604,361"
803,Thrive To Survive Killers,"23,553,479"
804,Escape Baldi Obby!,"23,488,559"
805,Murder Island 2,"23,487,626"
806,,"23,406,100"
807,Bank Tycoon,"23,326,946"
808,REVENGE OF THE SLIMES!!!,"23,245,298"
809,,"23,154,931"
810,[GRAVITY ZONE] 🔮 Marble Mania!,"23,147,183"
811,[🥥] STICK FIGURE SANDBOX,"23,085,376"
812,Martial Arts Battle Arena,"23,070,969"
813,Despicable Forces: Adventure Obby,"23,052,583"
814,Escape The Shipyard Obby!,"22,994,432"
815,Parkour Tower (HARD),"22,945,582"
816,Shark Attack!,"22,930,169"
817,⚔️Slicing Simulator⚔️,"22,917,732"
818,[ Content Deleted ],"22,889,649"
819,,"22,855,662"
820,,"22,797,401"
821,Escape Among Us Obby!,"22,745,425"
822,Identity Fraud [Revamp],"22,727,436"
823,Anime High School 🍡,"22,718,061"
824,MURDER,"22,688,358"
825,sno day,"22,512,442"
826,[DOGS!] Welcome to Farmtown! [BETA],"22,512,086"
827,City Tycoon🏙️,"22,470,884"
828,[SIREN HEAD] Nightmare Fighters,"22,458,737"
829,,"22,440,716"
830,Extreme Sprinting Simulator [MOVED],"22,405,758"
831,Death Star Tycoon,"22,398,107"
832,,"22,394,479"
833,,"22,360,822"
834,[🔥2X LIFT!] Ultimate Lifting Simulator💪,"22,205,876"
835,Trade Hangout [Non-Premium],"22,160,770"
836,STAR SORORITY |✨| NEW UPDATE!,"22,143,231"
837,❤️NEW UPDATE! Boys And Girls PROM NIGHT!❤️,"22,103,313"
838,Galleons v7.2,"22,100,919"
839,🌸SPRING - The Floor is Lava🌸,"22,082,500"
840,🚀 Jetpack Simulator! ⚡,"22,037,893"
841,Miraculous Ladybug Tycoon,"22,026,540"
842,,"22,006,630"
843,(VR) Fortnite Dance Emotes,"21,995,069"
844,Dinosaur Hunter,"21,943,793"
845,Sword Simulator,"21,939,154"
846,Ban Hammer Simulator,"21,920,312"
847,Fix! Undertale Roleplay(RP),"21,821,982"
848,Russian Simulator - Papers Please - UPDATE!,"21,806,568"
849,D-Day ᵀᴴᴱ ᴼᴿᴵᴳᴵᴺᴬᴸ,"21,648,217"
850,💪Muscle Buster [FREE PET🐶]🍒,"21,644,350"
851,Hallow's Eve: Sinister Swamp,"21,507,666"
852,*REBIRTH 5* Deep Space Tycoon V2.25,"21,500,686"
853,Baldis Basics Parkour,"21,439,909"
854,,"21,430,121"
855,Super Hero Life III,"21,429,382"
856,MOUNTAIN SLIDES! ❄️ Snow Resort,"21,403,925"
857,YouTube Factory Tycoon,"21,400,352"
858,Fortress Tycoon,"21,375,743"
859,Escape the EVIL Baby Obby!,"21,235,675"
860,(Fixed) Hide and Seek,"21,200,946"
861,,"21,073,606"
862,Sky Fun Parkour ☁️250 Stages!,"21,044,563"
863,Family Life,"21,037,824"
864,,"21,030,273"
865,,"21,017,021"
866,Blocks! [NUKE☢️],"21,011,525"
867,,"20,985,816"
868,,"20,976,938"
869,,"20,976,117"
870,Soro's Italian Restaurant,"20,971,792"
871,The 4 Elements Tycoon!,"20,958,099"
872,Freddy's Ultimate Roleplay,"20,909,166"
873,Floppy Fighters,"20,839,837"
874,Black Hole Simulator,"20,831,766"
875,[ Content Deleted ],"20,822,322"
876,,"20,804,644"
877,Hello Neighbor 🏘 [Roblox],"20,797,679"
878,[3YEARS] Creatures Tycoon,"20,769,422"
879,Shadow Run,"20,758,108"
880,Super Fat Simulator 2,"20,751,507"
881,,"20,736,956"
882,[BACK!] Ro - Gear Tycoon!,"20,639,532"
883,Hoops - Demo (Basketball),"20,624,860"
884,Laser Tag! [SHOP],"20,566,832"
885,,"20,553,375"
886,,"20,529,388"
887,Dragon Ball Advanced Battle,"20,508,837"
888,,"20,495,733"
889,In Loving Memory of Lizzy_Winkle,"20,473,474"
890,Build to Survive!,"20,461,982"
891,,"20,341,247"
892,The Underground War 2,"20,316,478"
893,Bullet Hell [v18b],"20,299,153"
894,Tower of Misery,"20,297,850"
895,,"20,282,826"
896,Roleplay is Magic - My Little Pony 3D Roleplay,"20,240,074"
897,Q-CLASH!,"20,215,600"
898,5X COINS | Anime Cross,"20,207,424"
899,The Scary School!,"20,200,890"
900,Westbound [🌼Spring Update],"20,161,422"
901,,"20,144,622"
902,,"20,138,912"
903,⚔️ Sword Fights on the Heights IV,"20,134,986"
904,,"20,116,760"
905,Crazy Knives (Beta),"20,079,579"
906,[Updated Peace Treaties] Rise of Nations,"20,033,574"
907,Dare To Cook,"20,015,929"
908,World Expedition,"20,012,221"
909,Survive Area-51!,"19,986,459"
910,,"19,981,919"
911,Minion Freeze Tag,"19,928,486"
912,Mineverse 💎🧨🔨 Build Craft Survive Pets Zombie,"19,922,433"
913,🗺️NEW MAP🗺️ the future,"19,901,220"
914,,"19,899,583"
915,One Piece Awakening,"19,889,549"
916,[💥AVENGERS] SuperHero Fighting Simulator,"19,837,450"
917,Temple Run 2 Speed-Run Obby!,"19,809,642"
918,Brawl-Blox,"19,719,595"
919,Jedi Temple on Ilum | Balancing Update!,"19,708,076"
920,rockefeller street,"19,645,177"
921,[Sale🔥] 😵Tower Stressful😵,"19,617,498"
922,,"19,553,507"
923,Ro-Slayers [ALPHA],"19,446,504"
924,,"19,401,635"
925,Terminal Railways,"19,398,375"
926,,"19,336,694"
927,2 Player Super Villain Tycoon,"19,333,902"
928,,"19,299,586"
929,Pool Hangout!🌴,"19,220,665"
930,,"19,191,125"
931,🔥 Sprinting Simulator 2 🔥,"19,186,143"
932,,"19,169,610"
933,[Winter❄] PUBG | ببجي,"19,161,466"
934,,"19,123,209"
935,Clueless,"19,116,658"
936,[ Content Deleted ],"19,096,853"
937,🚚 Moving Day [Story],"19,091,742"
938,[NEW]Body Builder Simulator,"18,949,517"
939,Copyrighted Artists,"18,933,024"
940,[ Content Deleted ],"18,916,009"
941,,"18,892,959"
942,[CLOSED] Tornado Alley ROBLOX,"18,865,669"
943,Fear Elevator 2😱[Open!],"18,836,156"
944,[FIXES] Dragon Ball Super Heroes,"18,804,059"
945,[GET READY!] Hit or Miss,"18,771,116"
946,🎈House Party!🎉 [REOPEN],"18,755,001"
947,💪🏻 Weight Lifting Simulator 5,"18,708,413"
948,Dead Silence,"18,703,762"
949,[🌴 Jungle] Soda Drinking Simulator,"18,691,955"
950,RO-Port Tycoon,"18,646,586"
951,Animatronics Awakened,"18,598,432"
952,Murder Mystery 7 ALL FREE★,"18,586,341"
953,Ro-Chanics,"18,572,889"
954,RECOIL | BETA,"18,527,997"
955,Left 4 Survival [5.8.0] [Swamp and Improvements!],"18,526,973"
956,,"18,511,127"
957,,"18,460,683"
958,,"18,371,527"
959,Two Player Heist Tycoon,"18,369,278"
960,,"18,346,210"
961,Nightmares [Beta],"18,330,559"
962,Area 51,"18,325,795"
963,[UPDATE] Dancing Simulator,"18,324,022"
964,Heartbeat Hospital 🏥,"18,291,332"
965,Survivors Vs infected -PIGGY🐷,"18,264,932"
966,,"18,210,995"
967,,"18,152,811"
968,POLICESIM 🚔 NYC🗽FBI cars,"18,142,490"
969,Super Mansion Tycoon🏠,"18,140,431"
970,,"18,138,669"
971,Vampire Kingdom,"18,062,898"
972,Mad Ben's Dimension,"18,055,133"
973,,"18,028,741"
974,Fixes in Progress - DayZ,"18,018,596"
975,💰 THIEF LIFE Simulator 👮,"18,012,085"
976,,"17,904,797"
977,Zombie Tag [Shipwrecked],"17,904,481"
978,🐹Hamster Simulator🐹,"17,877,062"
979,,"17,845,679"
980,Classic Gun Factory Tycoon,"17,833,396"
981,4 Player Knights Royale Tycoon,"17,811,241"
982,Longest Obby in Roblox 🎉| 2550,"17,788,508"
983,MacDonaldsville,"17,713,895"
984,The 6th Annual Bloxys,"17,700,782"
985,,"17,694,224"
986,bhop,"17,688,654"
987,,"17,672,764"
988,[ Content Deleted ],"17,660,004"
989,,"17,653,759"
990,,"17,634,573"
991,Monster Battle,"17,633,303"
992,Fairy World: FULL BLOOM🌼,"17,580,411"
993,,"17,518,716"
994,Hide n Seek Ultimate,"17,517,166"
995,Ninja Tycoon [Battle Dojo],"17,511,017"
996,🏎️GO-KART🏎️ | Bloxxed V9 Roleplay,"17,497,116"
997,Void Script Builder (Place 2),"17,436,177"
998,SCP Containment Breach [Revert Update!],"17,435,274"
999,[Bow Crack] Sinking Ship ⚓️ Roblox Britannic,"17,411,957"
1000,FE2 Community Maps,"17,389,244"