#,Game Name,Total Visit Count,Game Name (de-emojify)
1,Adopt Me!,14244331994,Adopt Me!
2,💙 MeepCity 💙,7499324296,MeepCity
3,Tower of Hell,6451448586,Tower of Hell
4,Piggy [BOOK 2] BOOK UPDATE!,6228495216,Piggy [BOOK 2] BOOK UPDATE!
5,Royale🌼High,4513655453,Royale High
6,Jailbreak,4289116047,Jailbreak
7,Welcome to Bloxburg,3121756123,Welcome to Bloxburg
8,🍕Work at a Pizza Place,2766657050,Work at a Pizza Place
9,Flee the Facility [Beta],2007466476,Flee the Facility [Beta]
10,Prison Life (Cars fixed!),1681142962,Prison Life (Cars fixed!)
11,Arsenal,1661932703,Arsenal
12,Mad City,1433064630,Mad City
13,Super Hero Tycoon,1354594895,Super Hero Tycoon
14,Hide and Seek Extreme,1287811060,Hide and Seek Extreme
15,Natural Disaster Survival,1262906345,Natural Disaster Survival
16,Epic Minigames,1194879697,Epic Minigames
17,Dungeon Quest!,1109445109,Dungeon Quest!
18,Bee Swarm Simulator,1053514900,Bee Swarm Simulator
19,Weight Lifting Simulator 3,997248780,Weight Lifting Simulator 3
20,Phantom Forces,948034695,Phantom Forces
21,Robloxian High School,941665957,Robloxian High School
22,[🍀SUPER LUCK🍀] Bubble Gum Simulator,905678835,[SUPER LUCK] Bubble Gum Simulator
23,Zombie Attack,885030430,Zombie Attack
24,Pet Simulator!,864161569,Pet Simulator!
25,[🌙MOON!] Speed Run 4 🌘,850615470,[MOON!] Speed Run 4
26,The Floor Is LAVA! 🔥,778933329,The Floor Is LAVA! 
27,Survive and Kill the Killers in Area 51 !!!,756243252,Survive and Kill the Killers in Area 51 !!!
28,Ragdoll Engine,702635260,Ragdoll Engine
29,SharkBite 🦈,701295776,SharkBite
30,Parkour!,697039511,Parkour!
31,🌳 Lumber Tycoon 2,679071135,Lumber Tycoon 2
32,Granny,651243586,Granny
33,Counter Blox,650011113,Counter Blox
34,❓ LUCKY BLOCKS Battlegrounds,648935724,LUCKY BLOCKS Battlegrounds
35,[NEW] Assassin!,646074648,[NEW] Assassin!
36,[UPDATE 14] Blox Fruits,615027767,[UPDATE 14] Blox Fruits
37,(Goppie Pond) Loomian Legacy,604250516,(Goppie Pond) Loomian Legacy
38,Legends Of Speed ⚡,585722750,Legends Of Speed
39,[UPDATE!] Zombie Rush,579285003,[UPDATE!] Zombie Rush
40,Roblox High School [Legacy],575753883,Roblox High School [Legacy]
41,Family Paradise,574437482,Family Paradise
42,Tower Defense Simulator,572391127,Tower Defense Simulator
43,Vehicle Simulator,562060286,Vehicle Simulator
44,Islands 💧 [WATER & BANNERS!],561193292,Islands [WATER & BANNERS!]
45,[Zone Control! (KoTH)] Ro-Ghoul [ALPHA],560453275,[Zone Control! (KoTH)] Ro-Ghoul [ALPHA]
46,Kitty SECRET ENDING!,548855159,Kitty SECRET ENDING!
47,[PART 8] Treacherous Tower,536745138,[PART 8] Treacherous Tower
48,Breaking Point,529035504,Breaking Point
49,⚔️ SKYWARS 🏹,522783741,SKYWARS
50,[2x] Dragon Ball Rage,506981497,[2x] Dragon Ball Rage
51,🔪 Bakon,501339354, Bakon
52,Break In (Story),498567733,Break In (Story)
53,[STREAKS] BIG Paintball!,498427541,[STREAKS] BIG Paintball!
54,Theme Park Tycoon 2,493147299,Theme Park Tycoon 2
55,Rob Mr Rich's Mansion Obby! (NEW READ DESC),492029369,Rob Mr Rich's Mansion Obby! (NEW READ DESC)
56,BOOGA BOOGA - 2020,484841838,BOOGA BOOGA - 2020
57,Pizza Factory Tycoon,463151861,Pizza Factory Tycoon
58,Waterpark,461255910,Waterpark
59,SEASON 4💥 Anime Fighting Simulator,456463648,SEASON 4 Anime Fighting Simulator
60,Flood Escape 🌊,450346754,Flood Escape
61,Be Crushed by a Speeding Wall,431594621,Be Crushed by a Speeding Wall
62,[FIXES🔨] Robloxian Life,414568606,[FIXES] Robloxian Life
63,The Normal Elevator,409576361,The Normal Elevator
64,Car Crushers 2,392320177,Car Crushers 2
65,Adopt and Raise,389360702,Adopt and Raise
66,Tower Battles,380554760,Tower Battles
67,Treasure Hunt Simulator,379878276,Treasure Hunt Simulator
68,[2X LUCK] Saber Simulator,373373250,[2X LUCK] Saber Simulator
69,[SPELLS] Wizard Tycoon - 2 Player,368363616,[SPELLS] Wizard Tycoon - 2 Player
70,Strucid [BETA],366127547,Strucid [BETA]
71,Be A Parkour Ninja,356759312,Be A Parkour Ninja
72,🔥MINI ROYALE! Island Royale,352784786,🔥MINI ROYALE! Island Royale
73,Restaurant Tycoon,351154655,Restaurant Tycoon
74,Roblox High School 2,348168849,Roblox High School 2
75,Dragon Ball Z Final Stand,345314420,Dragon Ball Z Final Stand
76,[FREE ITEMS] 💡 Flicker,327553185,[FREE ITEMS] 💡 Flicker
77,Mega Easy Obby 🌟 700 Stages!,326479814,Mega Easy Obby 🌟 700 Stages!
78,KAT!,323127672,KAT!
79,🔪Survive the Killer!,320207915,🔪Survive the Killer!
80,Broken Bones IV,319270930,Broken Bones IV
81,MEGA UPDATE! 💥 Destruction Simulator,301513482,MEGA UPDATE! 💥 Destruction Simulator
82,Blox Hunt | v2.7.25,293259996,Blox Hunt | v2.7.25
83,[CREATION] Elemental Battlegrounds,290207182,[CREATION] Elemental Battlegrounds
84,Ripull Minigames,286946727,Ripull Minigames
85,Deathrun SEASON 7 🍅🎁,285242968,Deathrun SEASON 7 🍅🎁
86,Restaurant Tycoon 2,284388877,Restaurant Tycoon 2
87,The Neighborhood of Robloxia,280679610,The Neighborhood of Robloxia
88,[FREE ADMIN],279742557,[FREE ADMIN]
89,Redwood Prison,269188334,Redwood Prison
90,[05/16] Corridor of Hell,267719232,[05/16] Corridor of Hell
91,A Bizarre Day,261751455,A Bizarre Day
92,Read Description!,261286836,Read Description!
93,Piggy but it's 100 Players,257104028,Piggy but it's 100 Players
94,Spider,256979562,Spider
95,Kohls Admin House NBC,251968155,Kohls Admin House NBC
96,[BACK] 2 Player Superhero Tycoon,250310822,[BACK] 2 Player Superhero Tycoon
97,Boku No Roblox: Remastered,249232499,Boku No Roblox: Remastered
98,High School Life,247111851,High School Life
99,Dragons' Life,241556680,Dragons' Life
100,[UPDATE] Teen Titans Battlegrounds,235637029,[UPDATE] Teen Titans Battlegrounds
101,Catalog Heaven,231381430,Catalog Heaven
102,Design It!,225713358,Design It!
103,🌻EVENT🌻Treasure Quest,212664358,🌻EVENT🌻Treasure Quest
104,Survive The Disasters! Classic,209190618,Survive The Disasters! Classic
105,Rumble Quest,205864240,Rumble Quest
106,Horse World,205202955,Horse World
107,ESCAPE THE HOTEL! (OBBY) READ DESC!,205167236,ESCAPE THE HOTEL! (OBBY) READ DESC!
108,Survival The Jeff The Killer,203030379,Survival The Jeff The Killer
109,💪 Muscle Legends,202690305,💪 Muscle Legends
110,Get Eaten!,202407278,Get Eaten!
111,My Restaurant!,201102440,My Restaurant!
112,Dinosaur Simulator,199085335,Dinosaur Simulator
113,💥 Super Power Training Simulator,196347450,💥 Super Power Training Simulator
114,CRIMINAL VS. SWAT,193759366,CRIMINAL VS. SWAT
115,Retail Tycoon,193480362,Retail Tycoon
116,A Wolf Or Other,193046101,A Wolf Or Other
117,Field Trip Z,192524448,Field Trip Z
118,Robloxian Waterpark,191452747,Robloxian Waterpark
119,Horror Tycoon,190744598,Horror Tycoon
120,[🎪 CARNIVAL AU] The Pizzeria Roleplay: Remastered,190445309,[🎪 CARNIVAL AU] The Pizzeria Roleplay: Remastered
121,🌷The Elevator (Spring Update),188012351,🌷The Elevator (Spring Update)
122,💥Scary Elevator! *NEW KILLERS*,186533415,💥Scary Elevator! *NEW KILLERS*
123,Escape Banana Guy!,184466944,Escape Banana Guy!
124,Camping,183601056,Camping
125,Home Tycoon 2.0 🏡 [CARS],182639731,Home Tycoon 2.0 🏡 [CARS]
126,Baldis Basics Parkour,181531910,Baldis Basics Parkour
127,👶 DAYCARE! Club Roblox,181409191,👶 DAYCARE! Club Roblox
128,Horrific Housing,178744886,Horrific Housing
129,Theme Park HeideLand 🎢,174981208,Theme Park HeideLand 🎢
130,BEAR (Alpha),173411195,BEAR (Alpha)
131,Dragon Adventures,172533471,Dragon Adventures
132,[METAVERSE] 📦 Unboxing Simulator 📦,172378737,[METAVERSE] 📦 Unboxing Simulator 📦
133,Would You Rather..?,167605264,Would You Rather..?
134,Daycare 🎈 (Story),167397086,Daycare 🎈 (Story)
135,Where's the Baby!,164685295,Where's the Baby!
136,Airplane [Story] ✈️,164101638,Airplane [Story] ✈️
137,Texting Simulator 💬,162611483,Texting Simulator 💬
138,Da Hood,162333706,Da Hood
139,😃CODE: YAY 🍼Baby Simulator👶,161870978,😃CODE: YAY 🍼Baby Simulator👶
140,🚗 +2 CARS! 🚗 Car Dealership Tycoon,161033289,🚗 +2 CARS! 🚗 Car Dealership Tycoon
141,[BACKPACKS] BALDI's BASICS Multiplayer,160364777,[BACKPACKS] BALDI's BASICS Multiplayer
142,Miner's Haven,155327011,Miner's Haven
143,Animatronic World !,153105740,Animatronic World !
144,Escape School Obby! (READ DESC),149954829,Escape School Obby! (READ DESC)
145,Feather Family [🏥 VET],148492061,Feather Family [🏥 VET]
146,[DUAL WIELD❗] Zombie Strike [BETA],145733789,[DUAL WIELD❗] Zombie Strike [BETA]
147,🗼 Climb Time,143784380,🗼 Climb Time
148,Skate Park [Classic] 🛹,143649337,Skate Park [Classic] 🛹
149,Escape The Office Obby! (READ DESC),143177370,Escape The Office Obby! (READ DESC)
150,Reason 2 Die Awakening,142856192,Reason 2 Die Awakening
151,Wizard Tycoon,142612865,Wizard Tycoon
152,Escape Grandpas House Obby!,142067806,Escape Grandpas House Obby!
153,Escape The School Obby!,138704805,Escape The School Obby!
154,Hotel,137961352,Hotel
155,Rogue Lineage,137459467,Rogue Lineage
156,Paradise Life,137171815,Paradise Life
157,💣Super Bomb Survival,135105210,💣Super Bomb Survival
158,Greenville,133404197,Greenville
159,Airport Tycoon!,133358893,Airport Tycoon!
160,[NEW GUN!] Bad Business 2.31,132400429,[NEW GUN!] Bad Business 2.31
161,Knife Simulator,131621576,Knife Simulator
162,Notoriety,131496066,Notoriety
163,🌟 X2! Magnet Simulator ⚡,130579417,🌟 X2! Magnet Simulator ⚡
164,Freeze Tag💎,128893642,Freeze Tag💎
165,SL,128671016,SL
166,[2x EXP] Beyond Beta,128487839,[2x EXP] Beyond Beta
167,Princess Tycoon,128241569,Princess Tycoon
168,[CMDS] Animations: Mocap,125048472,[CMDS] Animations: Mocap
169,[DESC.] Make a Cake: Back for Seconds!,124219999,[DESC.] Make a Cake: Back for Seconds!
170,Parkour,123853834,Parkour
171,Project JoJo,122361645,Project JoJo
172,Camping 2,122243003,Camping 2
173,Color Craze,121395867,Color Craze
174,Pick A Side,120672156,Pick A Side
175,[YIN / YANG] Ninja Assassin,120498454,[YIN / YANG] Ninja Assassin
176,Super Hero Life II,118342176,Super Hero Life II
177,Don't Press The Button [UPDATE],115850511,Don't Press The Button [UPDATE]
178,TSUNAMI SURVIVAL,115846810,TSUNAMI SURVIVAL
179,Bakers Valley,115152055,Bakers Valley
180,[💸2X COINS] 🐾 Pet Ranch Simulator,114516883,[💸2X COINS] 🐾 Pet Ranch Simulator
181,[Candy!] ICE CREAM SIMULATOR 🍦,113449949,[Candy!] ICE CREAM SIMULATOR 🍦
182,The Floor Is Lava (Original),112077991,The Floor Is Lava (Original)
183,Swordburst 2,111854807,Swordburst 2
184,Roblox Talent Show 🎤,111211973,Roblox Talent Show 🎤
185,House Tycoon,110274506,House Tycoon
186,Football Fusion,110066777,Football Fusion
187,???,109278375,???
188,Thrive to Survive the Disasters! *Version 1.17.2*,109220600,Thrive to Survive the Disasters! *Version 1.17.2*
189,Granny Granny Granny Granny Granny,108195651,Granny Granny Granny Granny Granny
190,[Alpha]steve's one piece,107899771,[Alpha]steve's one piece
191,Entry Point,107014901,Entry Point
192,☄️ SABER UPDATE! 🌑 Superhero Simulator,102605186,☄️ SABER UPDATE! 🌑 Superhero Simulator
193,2 Player Super Hero Tycoon,102477827,2 Player Super Hero Tycoon
194,Airplane 2 [Story] ✈️,102033781,Airplane 2 [Story] ✈️
195,Airplane 3 [Story] ✈️,101007404,Airplane 3 [Story] ✈️
196,Downfall [Sandbox],98598654,Downfall [Sandbox]
197,Power Simulator,98375853,Power Simulator
198,[PVP ⚔️] High School,98164495,[PVP ⚔️] High School
199,Dragon Blox Ultimate,97676373,Dragon Blox Ultimate
200,Egg Farm Simulator,97445165,Egg Farm Simulator
201,MUSCLE SIMULATOR,96386537,MUSCLE SIMULATOR
202,CODE:110Mvisits ⚡Warrior Simulator!💪,95003168,CODE:110Mvisits ⚡Warrior Simulator!💪
203,Wild Revolvers,94632379,Wild Revolvers
204,Hospital Life 🏥,92431999,Hospital Life 🏥
205,Dance Your Blox Off,92033589,Dance Your Blox Off
206,Naval Warfare,91511329,Naval Warfare
207,Roblox Uno,90149559,Roblox Uno
208,Survive The Red Dress Girl,88932333,Survive The Red Dress Girl
209,Impostor [Beta],88480710,Impostor [Beta]
210,Farm World,88199367,Farm World
211,✨TRADING✨ Murder Mystery X,87934418,✨TRADING✨ Murder Mystery X
212,Hoho's Water Park,87755888,Hoho's Water Park
213,🕷️ Spider-Man Simulator,87288514,🕷️ Spider-Man Simulator
214,RoBeats! 🎵 [MMO Rhythm Game],87144024,RoBeats! 🎵 [MMO Rhythm Game]
215,🌲🌹 Sonic Pulse RP || Trial and Lore 🌹🌲,84350835,🌲🌹 Sonic Pulse RP || Trial and Lore 🌹🌲
216,Banana Eats,84185956,Banana Eats
217,⚔️ Tower Heroes,83519282,⚔️ Tower Heroes
218,😱 Giant Survival!,81296837,😱 Giant Survival!
219,(NEW!) Spy Training Obby! (READ DESC),80984441,(NEW!) Spy Training Obby! (READ DESC)
220,Mad Games (v2.32),80418297,Mad Games (v2.32)
221,☁️SKY ISLANDS🏝️ Speed Run Simulator ⚡,79168909,☁️SKY ISLANDS🏝️ Speed Run Simulator ⚡
222,BlockParty 🎉 [#STAYHOME],78613791,BlockParty 🎉 [#STAYHOME]
223,Vacation ✈️ [Story],78292904,Vacation ✈️ [Story]
224,☃️ PETS! Snowman Simulator ☃️,77900413,☃️ PETS! Snowman Simulator ☃️
225,Bloxtropica!,77766403,Bloxtropica!
226,Speed Simulator,77156216,Speed Simulator
227,Build to Survive!,76929366,Build to Survive!
228,TAPPING SIMULATOR,76675125,TAPPING SIMULATOR
229,Iron Man Simulator,75547739,Iron Man Simulator
230,Prison Royale,75250328,Prison Royale
231,Weight Lifting Simulator 2,75221291,Weight Lifting Simulator 2
232,🔑 Eviction Notice,75166048,🔑 Eviction Notice
233,(NEW!) Escape The MALL Obby! (Read Desc!),74842202,(NEW!) Escape The MALL Obby! (Read Desc!)
234,Shard Seekers,74554290,Shard Seekers
235,🌈MAPS!🌈Murder Mystery 3,73588672,🌈MAPS!🌈Murder Mystery 3
236,💰 x20 MONEY 💰 🍃 LAWN MOWING SIMULATOR ⚡,73125551,💰 x20 MONEY 💰 🍃 LAWN MOWING SIMULATOR ⚡
237,Gun Simulator,72818047,Gun Simulator
238,🐾Pet Ranch Simulator 2 🐾,71398760,🐾Pet Ranch Simulator 2 🐾
239,Thick Legends,71349001,Thick Legends
240,Scuba Diving at Quill Lake 🤿,70996298,Scuba Diving at Quill Lake 🤿
241,Escape The Gym Obby!,70963694,Escape The Gym Obby!
242,The Maze,70385822,The Maze
243,💰Billionaire Simulator💰,69848546,💰Billionaire Simulator💰
244,The Mad Murderer,69337137,The Mad Murderer
245,[Golden Items!] 💪Mega Noob Simulator💪,69015140,[Golden Items!] 💪Mega Noob Simulator💪
246,[LIMITED ITEMS] Case Clicker,68969284,[LIMITED ITEMS] Case Clicker
247,Escape Room,68915014,Escape Room
248,🔨Plane Crazy🔨,68842941,🔨Plane Crazy🔨
249,Pet Simulator 2!,68831518,Pet Simulator 2!
250,Fredbear's Mega Roleplay,68637290,Fredbear's Mega Roleplay
251,Survival The Killers!,68272397,Survival The Killers!
252,Noob Train [Alpha],67787664,Noob Train [Alpha]
253,[🐲 DRAGONS] ⚔️ Slaying Simulator,67232911,[🐲 DRAGONS] ⚔️ Slaying Simulator
254,Armored Patrol v9.1,67157783,Armored Patrol v9.1
255,Hospital RP! 🏥 (VR),66685707,Hospital RP! 🏥 (VR)
256,New Escape the Haunted House Obby,66548268,New Escape the Haunted House Obby
257,💥Base Wars! [ Update 02/24 ],66368158,💥Base Wars! [ Update 02/24 ]
258,Escape North Pole Obby!,65950815,Escape North Pole Obby!
259,[Beta] One Piece: Legendary,65758520,[Beta] One Piece: Legendary
260,😱FREE PET!😱Boxing Simulator 🥊,65543193,😱FREE PET!😱Boxing Simulator 🥊
261,Trade Hangout,64944185,Trade Hangout
262,B-10 Fighting Game,64603740,B-10 Fighting Game
263,Vehicle Legends,64549833,Vehicle Legends
264,Dimension 23,64546851,Dimension 23
265,[🎮] GET THE BANANAS BACK!! Adventure Obby,64410934,[🎮] GET THE BANANAS BACK!! Adventure Obby
266,[2x XP] One Piece: Millennium 1,64069854,[2x XP] One Piece: Millennium 1
267,Driving Simulator,63497381,Driving Simulator
268,[🍦🍦 Truck] Backpacking,63381640,[🍦🍦 Truck] Backpacking
269,Emergency Response: Liberty County,63361034,Emergency Response: Liberty County
270,The Schoolhouse,62648770,The Schoolhouse
271,🏖️ SUMMER Weight Lifting Simulator 4,62578723,🏖️ SUMMER Weight Lifting Simulator 4
272,⚽ Super Striker League,62139842,⚽ Super Striker League
273,Sinking Ship,61893438,Sinking Ship
274,[Part 8!] Ronald 🤡,61516604,[Part 8!] Ronald 🤡
275,(Update) Escape Prison Obby! (READ DESC),61060559,(Update) Escape Prison Obby! (READ DESC)
276,Auto Rap Battles,60989658,Auto Rap Battles
277,SoulShatters Test Place,60550670,SoulShatters Test Place
278,2 Player Secret Hideout Tycoon,60238885,2 Player Secret Hideout Tycoon
279,[ BLEACH ] Anime Battle Arena,59818201,[ BLEACH ] Anime Battle Arena
280,[💰Gold Boost!] Giant Simulator,59615466,[💰Gold Boost!] Giant Simulator
281,Roleplay World (Classic),59384589,Roleplay World (Classic)
282,BLOODFEST [mobile fix],58855753,BLOODFEST [mobile fix]
283,Pet🐶Escape 2,58805115,Pet🐶Escape 2
284,🥚 Eg!,58455708,🥚 Eg!
285,Can you survive lava in a 100 story house?,58455549,Can you survive lava in a 100 story house?
286,🥊Boxing Simulator 2,58370392,🥊Boxing Simulator 2
287,⚔️ Anime Tycoon ⚔️,57991432,⚔️ Anime Tycoon ⚔️
288,🍦 ICE CREAM VAN SIMULATOR,57816090,🍦 ICE CREAM VAN SIMULATOR
289,[5000X] Blade Throwing Simulator,57495463,[5000X] Blade Throwing Simulator
290,🏙️Super Mansion Tycoon 2,57183229,🏙️Super Mansion Tycoon 2
291,DODGEBALL!,57012000,DODGEBALL!
292,Field of Battle,57004277,Field of Battle
293,Roblox Creator Challenge,56996754,Roblox Creator Challenge
294,The CrusheR,56707615,The CrusheR
295,⚡ Super Power Fighting Simulator,56406157,⚡ Super Power Fighting Simulator
296,Wolves' Life Dawn Beta,56364935,Wolves' Life Dawn Beta
297,Ro-Trip,56317664,Ro-Trip
298,Ragdoll System Test,56171883,Ragdoll System Test
299,The Conquerors 3,56020388,The Conquerors 3
300,2PGFT Remastered,55962399,2PGFT Remastered
301,Roblox Point - Theme Park [Classic] 🎢,55637415,Roblox Point - Theme Park [Classic] 🎢
302,[ StarPlatinum OH Event ! ] Bizarre Blox,55596503,[ StarPlatinum OH Event ! ] Bizarre Blox
303,Build to survive!,55448663,Build to survive!
304,Survival The Hulk The Killer,,Survival The Hulk The Killer
305,[Metaverse] Whatever Floats your Boat,55162820,[Metaverse] Whatever Floats your Boat
306,Murder 15,55045621,Murder 15
307,Stand Upright [testing],54981694,Stand Upright [testing]
308,[ DRAGON 🐉 ] King Legacy,54741391,[ DRAGON 🐉 ] King Legacy
309,🔨Building Simulator🏢,54451286,🔨Building Simulator🏢
310,Cruise [Story] 🛳,54399420,Cruise [Story] 🛳
311,Paradise Life,53897874,Paradise Life
312,⚡️✨ The Dropper [112+ STAGES] ✨⚡️,53649516,⚡️✨ The Dropper [112+ STAGES] ✨⚡️
313,Escape The Ice Cream Shop Obby!,53492836,Escape The Ice Cream Shop Obby!
314,[UPDATE] RPG Simulator,53113191,[UPDATE] RPG Simulator
315,🎉62M EVENT🎉 Champion Simulator,52904870,🎉62M EVENT🎉 Champion Simulator
316,Ragdoll Testing,52715841,Ragdoll Testing
317,The Creepy Elevator,52533561,The Creepy Elevator
318,Survival The Granny The Killer,52478525,Survival The Granny The Killer
319,Tower of Fun,52439673,Tower of Fun
320,Project Lazarus: 💀 ZOMBIES 💀 [CROSSBOW!],52435886,Project Lazarus: 💀 ZOMBIES 💀 [CROSSBOW!]
321,Giant Dance Off Simulator,52411386,Giant Dance Off Simulator
322,(EASY) SUPER FUN MUSIC OBBY (250 STAGES),52387581,(EASY) SUPER FUN MUSIC OBBY (250 STAGES)
323,Obstacle Paradise,52281837,Obstacle Paradise
324,Icebreaker!,51953725,Icebreaker!
325,Kingdom Life™ II,51669729,Kingdom Life™ II
326,Mansion,51510843,Mansion
327,Overlook Bay!🌋,51456796,Overlook Bay!🌋
328,Pilot Training Flight Simulator,51257339,Pilot Training Flight Simulator
329,[WINTER] Bunny's Funeral,51240161,[WINTER] Bunny's Funeral
330,Live Life Rich and Famous!,50844757,Live Life Rich and Famous!
331,Ore Tycoon 2,50483468,Ore Tycoon 2
332,The Wild West,50391593,The Wild West
333,🍕Pizza Tycoon! 2 PLAYER!,50330760,🍕Pizza Tycoon! 2 PLAYER!
334,[🏫 School!] RoVille,50207195,[🏫 School!] RoVille
335,Cart Ride Into Rdite!,50084601,Cart Ride Into Rdite!
336,Phenom,50079631,Phenom
337,Insane Elevator! *CARTOON CAT & AMONG US IMPOSTER*,49937781,Insane Elevator! *CARTOON CAT & AMONG US IMPOSTER*
338,Ninja Tycoon,49880345,Ninja Tycoon
339,Blackhawk Rescue Mission 5,49421476,Blackhawk Rescue Mission 5
340,Katana Simulator,49365618,Katana Simulator
341,[250] Cool Obby 2,49070994,[250] Cool Obby 2
342,Bed Wars! (Hit Follow!),48933007,Bed Wars! (Hit Follow!)
343,[MECHA + 2x EXP] Shindo,48814511,[MECHA + 2x EXP] Shindo
344,Military Warfare Tycoon,48800393,Military Warfare Tycoon
345,Ninja Masters,48645940,Ninja Masters
346,Tiles Hop (65M+),48542810,Tiles Hop (65M+)
347,Ben 10: Super Hero Time *BETA*,48391482,Ben 10: Super Hero Time *BETA*
348,[x500 EXP] Dragon Ball Burst,48320440,[x500 EXP] Dragon Ball Burst
349,2 Player Ninja Tycoon,47778177,2 Player Ninja Tycoon
350,(DRONE GP) AoA!!!,47534605,(DRONE GP) AoA!!!
351,Adventure Up!,46975724,Adventure Up!
352,Guest World,46738555,Guest World
353,🤑X100 STATS🤑 Speed Champions,46516764,🤑X100 STATS🤑 Speed Champions
354,My Droplets (Beta),46508022,My Droplets (Beta)
355,CRITICAL STRIKE v5.7.5,46455858,CRITICAL STRIKE v5.7.5
356,⚔️ RPG World,46415716,⚔️ RPG World
357,Overnight [Story],46091748,Overnight [Story]
358,Super Fun Easy Obstacle Course,45940454,Super Fun Easy Obstacle Course
359,Elimination Tower,45737306,Elimination Tower
360,Fart Attack,45695562,Fart Attack
361,2 Player Super Hero Tycoon,45582340,2 Player Super Hero Tycoon
362,Sword Fighting Tournament,44991009,Sword Fighting Tournament
363,Lab Experiment,44894176,Lab Experiment
364,Munching Masters 🍔,44885700,Munching Masters 🍔
365,🎨 Paint 'N Guess,44817228,🎨 Paint 'N Guess
366,Super Fun Obby 🌟 205 Stages!,44792300,Super Fun Obby 🌟 205 Stages!
367,Daycare 2 🎈 (Story),44736068,Daycare 2 🎈 (Story)
368,Vampire Hunters 2,44654420,Vampire Hunters 2
369,Big Brain Simulator🧠,44532863,Big Brain Simulator🧠
370,Roleplay Universe 🤠,44437560,Roleplay Universe 🤠
371,Moon Tycoon,44437465,Moon Tycoon
372,Gravity Shift,44381012,Gravity Shift
373,Adopt and Raise a Baby,44242776,Adopt and Raise a Baby
374,Escape School Obby!,44163348,Escape School Obby!
375,Elemental Dragons Tycoon [Poison Floor],43910224,Elemental Dragons Tycoon [Poison Floor]
376,Infection Inc. [Probes!],43350247,Infection Inc. [Probes!]
377,🔴 ROBLOX Wipeout,43228742,🔴 ROBLOX Wipeout
378,Noodle Arms,43189609,Noodle Arms
379,Framed!,43039552,Framed!
380,🦒NEW GIRAFFE PET!🦒Pet Show Dress Up!,42784887,🦒NEW GIRAFFE PET!🦒Pet Show Dress Up!
381,The Stalker: Reborn,42426894,The Stalker: Reborn
382,Azure Mines,42202411,Azure Mines
383,Electric State DarkRP(Beta),42187105,Electric State DarkRP(Beta)
384,Roblox Creator Challenge,42019412,Roblox Creator Challenge
385,Dragon Riders,42007911,Dragon Riders
386,💇‍♀️Stylz Makeover🌈,41581899,💇‍♀️Stylz Makeover🌈
387,[X3] Anime Cross 2,41455389,[X3] Anime Cross 2
388,Ro-Piece,41280690,Ro-Piece
389,Let's Party∞ +Gear Testing Edition[READ THE DESC],41271464,Let's Party∞ +Gear Testing Edition[READ THE DESC]
390,[ALPHA] PolySonic RP,41237553,[ALPHA] PolySonic RP
391,Boxing League 🥊,41226312,Boxing League 🥊
392,Wild Savanna (W.I.P),41036119,Wild Savanna (W.I.P)
393,Island Life,41017461,Island Life
394,Hotel Stories,40767663,Hotel Stories
395,Bird Simulator,40681319,Bird Simulator
396,Mermaid Life,40676693,Mermaid Life
397,🔥🚘Gas Station Simulator,40647275,🔥🚘Gas Station Simulator
398,Time Travel Adventures,40586112,Time Travel Adventures
399,Arcane Adventures [BROKEN],40465104,Arcane Adventures [BROKEN]
400,Horse Valley Legacy,40326197,Horse Valley Legacy
401,😈CODE: DEMON ⚔️ Boss Fighting Simulator,40089158,😈CODE: DEMON ⚔️ Boss Fighting Simulator
402,🕵️ [MAFIA] Military Simulator,39994955,🕵️ [MAFIA] Military Simulator
403,High School Dorm Life (Fixed),39938181,High School Dorm Life (Fixed)
404,Blox Royale Tycoon,39914086,Blox Royale Tycoon
405,🐍 Slime Factory Tycoon,39878898,🐍 Slime Factory Tycoon
406,Elemental Wars [Read Description],39768287,Elemental Wars [Read Description]
407,Cook Burgers,39737744,Cook Burgers
408,The Labyrinth,39312116,The Labyrinth
409,Wizard Simulator,39026198,Wizard Simulator
410,Mad Paintball [FPS],38978115,Mad Paintball [FPS]
411,Roblox Creator Challenge,38873236,Roblox Creator Challenge
412,[CURRENTLY BEING REVAMPED] Tower of Hell - Medium,38746221,[CURRENTLY BEING REVAMPED] Tower of Hell - Medium
413,Battle As A Giant Boss,38700836,Battle As A Giant Boss
414,Climb 2000 Stairs to VIP,38684001,Climb 2000 Stairs to VIP
415,[Code: BREAD] Speed Simulator X,38562511,[Code: BREAD] Speed Simulator X
416,FNaF : Support Requested,38455421,FNaF : Support Requested
417,Dragon Ball Tycoon,38367091,Dragon Ball Tycoon
418,The Final Stand 2 [5.3] Easter update!,38333415,The Final Stand 2 [5.3] Easter update!
419,Book of Monsters,38193670,Book of Monsters
420,Greenwood Town [Classic],38105602,Greenwood Town [Classic]
421,Blockate,37759355,Blockate
422,Weight Lifting Simulator 3,37754118,Weight Lifting Simulator 3
423,🔥UPDATE 3🔥 Super Saiyan Simulator 2,37630720,🔥UPDATE 3🔥 Super Saiyan Simulator 2
424,🌸 Barbie Life in the Dream House Tycoon 🌸,37588985,🌸 Barbie Life in the Dream House Tycoon 🌸
425,Super Blocky Ball,37544708,Super Blocky Ball
426,Creator Challenge Quiz,37354336,Creator Challenge Quiz
427,Freeze Tag!,37230403,Freeze Tag!
428,Free Draw 2,37172686,Free Draw 2
429,Escape The Zombie Pool Obby!,37091689,Escape The Zombie Pool Obby!
430,Troll Obby,37062150,Troll Obby
431,(EASTER) Baldi’s Basics Roleplay,37024542,(EASTER) Baldi’s Basics Roleplay
432,Club Iris,36982480,Club Iris
433,[Underworld]God Simulator 2,36949771,[Underworld]God Simulator 2
434,Tradelands,36894475,Tradelands
435,SCP-3008 [2.6],36887892,SCP-3008 [2.6]
436,TNT Rush! - New Maps!,36723948,TNT Rush! - New Maps!
437,✈️ Fly an Airplane [Flight Simulator],36663039,✈️ Fly an Airplane [Flight Simulator]
438,RB World 2,36601004,RB World 2
439,[SCP] Site-61 ROLEPLAY,36560132,[SCP] Site-61 ROLEPLAY
440,JERRY [RESCUE MODE] - NEW BUNDLES!,36466585,JERRY [RESCUE MODE] - NEW BUNDLES!
441,Army Tycoon💣,36446534,Army Tycoon💣
442,Obby King Remastered,36344162,Obby King Remastered
443,Medieval Warfare: Reforged,36129232,Medieval Warfare: Reforged
444,Zombie Stories Beta,36006123,Zombie Stories Beta
445,Pirate Simulator! ☠️,35878674,Pirate Simulator! ☠️
446,ALONE IN A DARK HOUSE,35721390,ALONE IN A DARK HOUSE
447,POLYGUNS,35677249,POLYGUNS
448,Football Universe,35653873,Football Universe
449,Wolves' Life 2,35544462,Wolves' Life 2
450,Age of Heroes,35354792,Age of Heroes
451,Free Items Game!,35304236,Free Items Game!
452,Car Suspension Test [Apache Helicopter],35232765,Car Suspension Test [Apache Helicopter]
453,💇 Work at Boho Salon!,35147168,Work at Boho Salon!
454,Little Angels Daycare V12,35045844,Little Angels Daycare V12
455,"Game Store Tycoon 🎮 *43,000,000*",35020618,"Game Store Tycoon *43,000,000*"
456,Mega Fun Obby!!,34861154,Mega Fun Obby!!
457,Slender Man's Revenge REBORN [HAUNTING HOUR],32970431,Slender Man's Revenge REBORN [HAUNTING HOUR]
458,🔥UPDATE🔥Adonis Admin House,32842153,UPDATE Adonis Admin House
459,B: Rebirth,32740724,B: Rebirth
460,Car Crushers 1,32708458,Car Crushers 1
461,One Piece Open Seas,32472041,One Piece Open Seas
462,EATING SIMULATOR 2 🍕,32456259,EATING SIMULATOR 2 🍕
463,Jet Wars: Advanced Battle,32434047,Jet Wars: Advanced Battle
464,GOD TYCOON,32110746,GOD TYCOON
465,💥 ALONE 💥 Battle Royale,32098094,💥 ALONE 💥 Battle Royale
466,Disaster Island,31958281,Disaster Island
467,War Simulator,31824697,War Simulator
468,Parkour!,31389285,Parkour!
469,🍀 Blob Simulator 2!,31371102,🍀 Blob Simulator 2!
470,Deleted Idk why,31342626,Deleted Idk why
471,Shouting Simulator,31265190,Shouting Simulator
472,⚙️ MegaMech ⚙️,31167204,⚙️ MegaMech ⚙️
473,[ ROBLOX ] Hello Neighbor - UPDATES,31149062,[ ROBLOX ] Hello Neighbor - UPDATES
474,[NEW] Skyscraper Tycoon,31130658,[NEW] Skyscraper Tycoon
475,Total Roblox Drama,31108939,Total Roblox Drama
476,TiBB has been removed due to copyright,31107440,TiBB has been removed due to copyright
477,Ninja Tycoon (v3.7),31008676,Ninja Tycoon (v3.7)
478,Adopt and Raise,30982174,Adopt and Raise
479,The Real Easy Inflatable Parkour Obby,30973743,The Real Easy Inflatable Parkour Obby
480,Unit 1968,30961795,Unit 1968
481,[REBIRTH🎫] 🌳Super Treehouse Tycoon,30660414,[REBIRTH🎫] 🌳Super Treehouse Tycoon
482,Juke's Towers of Hell,30655057,Juke's Towers of Hell
483,CookieSwirlC World,30621212,CookieSwirlC World
484,Super Hero Life,30518517,Super Hero Life
485,Coded Clothing Store,30471446,Coded Clothing Store
486,Granny Rollercoaster!,30450424,Granny Rollercoaster!
487,Egg Hunt 2017: The Lost Eggs,30256128,Egg Hunt 2017: The Lost Eggs
488,⚡ CODE SHOCK 🥚 Egg Simulator,30227240,⚡ CODE SHOCK 🥚 Egg Simulator
489,The Mad Murderer 2,30211160,The Mad Murderer 2
490,2 Player Youtube Tycoon!,30182305,2 Player Youtube Tycoon!
491,🍰 [UPDATE 2] OM NOM SIMULATOR,30160012,🍰 [UPDATE 2] OM NOM SIMULATOR
492,Bloxton Hotel,30159569,Bloxton Hotel
493,Innovation Labs,30130668,Innovation Labs
494,Classic Sonic Simulator V9,29969512,Classic Sonic Simulator V9
495,(Update) Corridor of YouTubers!,29964779,(Update) Corridor of YouTubers!
496,Draw It!,29790427,Draw It!
497,Castle [Story] 🏰,29618404,Castle [Story] 🏰
498,Granny Island,29595179,Granny Island
499,🎢 Disney World Ultimate Theme Park,29522237,🎢 Disney World Ultimate Theme Park
500,Jump Over The Walls,29281797,Jump Over The Walls
501,Robot 64,29247494,Robot 64
502,After The Flash: Mirage,29245759,After The Flash: Mirage
503,Rocket Simulator,29168660,Rocket Simulator
504,🔥 Zombie Uprising 🔥,29116425,🔥 Zombie Uprising 🔥
505,Forgotten Worlds,29116020,Forgotten Worlds
506,Maintenance,29029718,Maintenance
507,🎈 UPDATE 🎈 Balloon Simulator,28969323,🎈 UPDATE 🎈 Balloon Simulator
508,THE RAKE™: Classic Edition | HALLOWS 🎃,28902644,THE RAKE™: Classic Edition | HALLOWS 🎃
509,Hmm...,28891514,Hmm...
510,⭐ x888 🔨Hammer Simulator!,28890593,⭐ x888 🔨Hammer Simulator!
511,Musical Chairs!,28873123,Musical Chairs!
512,Sans Multiversal Battles: Legacy Edition,28640510,Sans Multiversal Battles: Legacy Edition
513,Admin Simulator,28591936,Admin Simulator
514,Thrive To Survive Killers,28481053,Thrive To Survive Killers
515,🍒Pac-Blox!,28424119,🍒Pac-Blox!
516,[Read Description],28383079,[Read Description]
517,Gacha Life Roleplay!,28318690,Gacha Life Roleplay!
518,Battleship Tycoon,28004683,Battleship Tycoon
519,🎩Hat Simulator🎩,27898696,🎩Hat Simulator🎩
520,Tetragon Fortress,27865458,Tetragon Fortress
521,Blox World 🎢 Theme Park,27795367,Blox World 🎢 Theme Park
522,Person299's Minigames V3 [New Minigames!],27724424,Person299's Minigames V3 [New Minigames!]
523,NEW GAME IN DESCRIPTION,27717828,NEW GAME IN DESCRIPTION
524,💥OP NINJA SIMULATOR🔥,27701302,💥OP NINJA SIMULATOR🔥
525,Reaper Simulator,27570973,Reaper Simulator
526,Egg Hunt 2019 Scrambled In Time,27549205,Egg Hunt 2019 Scrambled In Time
527,Wizard Life,27513414,Wizard Life
528,Ru ze's Tower Of Hell,27483296,Ru ze's Tower Of Hell
529,Baldi's SUPER RP!,27204811,Baldi's SUPER RP!
530,Cleaning Simulator,27088837,Cleaning Simulator
531,FIRST ORDER [RP] (read description),27088675,FIRST ORDER [RP] (read description)
532,New Skins Role Play,27060908,New Skins Role Play
533,Driving Empire,27052605,Driving Empire
534,⚔️ Viking Simulator,26927836,⚔️ Viking Simulator
535,[🥚 EGG HUNT 🥚 PART 1] Stands Online v22,26899465,[🥚 EGG HUNT 🥚 PART 1] Stands Online v22
536,[Uncopylocked] Heroes!,26871656,[Uncopylocked] Heroes!
537,⚠️ READ DESC❗ 🌇Sunset City,26811074,⚠️ READ DESC❗ 🌇Sunset City
538,|| Pool Tycoon 4 ||,26780909,|| Pool Tycoon 4 ||
539,Typical Colors 2,26637402,Typical Colors 2
540,Survive the Epic Disasters!,26623955,Survive the Epic Disasters!
541,Pinewood Space Shuttle Advantage,26565391,Pinewood Space Shuttle Advantage
542,☄️Don't Press The Button 4,26523383,☄️Don't Press The Button 4
543,Sandbox (1),26452200,Sandbox (1)
544,Robloxity,26399545,Robloxity
545,2 Player Military Tycoon SEASON2,26365757,2 Player Military Tycoon SEASON2
546,Ghouls : Bloody Nights [ALPHA],26320625,Ghouls : Bloody Nights [ALPHA]
547,ROBLOX Hello Neighbor - Hello Neighbor,26261669,ROBLOX Hello Neighbor - Hello Neighbor
548,Skyscraper Tycoon🏙️,26114270,Skyscraper Tycoon🏙️
549,Area 47: Roleplay,26080372,Area 47: Roleplay
550,[NEW MAP] Those Who Remain,25950153,[NEW MAP] Those Who Remain
551,Escape SLIME Obby!,25946372,Escape SLIME Obby!
552,Streets of Bloxwood: Remastered,25873919,Streets of Bloxwood: Remastered
553,💪 Fitness Simulator,25837172,💪 Fitness Simulator
554,The Complex V7 (R15) Vip works Both,25706532,The Complex V7 (R15) Vip works Both
555,survival the viacom the killer,25682510,survival the viacom the killer
556,Attack On Titan [BETA],25677605,Attack On Titan [BETA]
557,Submarine [Story] 🌊,25520019,Submarine [Story] 🌊
558,Miraculous Roleplay,25519764,Miraculous Roleplay
559,Closed,25393503,Closed
560,Granny: Chapter Two,25346375,Granny: Chapter Two
561,💥Red vs Blue Gun Battle!💥 [NEW GUNS!],25337621,💥Red vs Blue Gun Battle!💥 [NEW GUNS!]
562,👨‍💻 Captive 🏃,25332381,👨‍💻 Captive 🏃
563,🐇BUNNIES! 🐇 - Pixel Art Creator,25171920,🐇BUNNIES! 🐇 - Pixel Art Creator
564,🌀Summoner Tycoon,25161570,🌀Summoner Tycoon
565,Dollhouse Roleplay,25096863,Dollhouse Roleplay
566,The Easy Really Parkour Obby!,25089048,The Easy Really Parkour Obby!
567,The Underground War,25083130,The Underground War
568,Human Giraffe,25015842,Human Giraffe
569,Roblox Fitness Center,25005533,Roblox Fitness Center
570,[🐣EASTER!🐣] Soda Simulator,24975369,[🐣EASTER!🐣] Soda Simulator
571,Gardens vs Graves Battlegrounds,24873748,Gardens vs Graves Battlegrounds
572,[2x XP] One Piece: Millennium 2,24583032,[2x XP] One Piece: Millennium 2
573,🐉Godzilla Simulator! (Desc),24552784,🐉Godzilla Simulator! (Desc)
574,🐧Animal Simulator,24515694,🐧Animal Simulator
575,TPS: Street Soccer,24447643,TPS: Street Soccer
576,FISHING SIMULATOR 🎣🐟,24447277,FISHING SIMULATOR 🎣🐟
577,Survive the Night Teleporter,24444895,Survive the Night Teleporter
578,Job Simulator,24302178,Job Simulator
579,The Northern Frontier,24282039,The Northern Frontier
580,Fast Food Simulator,24241724,Fast Food Simulator
581,⚔️ Pet Trainer Simulator,24171278,⚔️ Pet Trainer Simulator
582,meeps (testing),24161991,meeps (testing)
583,NEW Adopt and Raise a Cute Baby,24154272,NEW Adopt and Raise a Cute Baby
584,2 Player Horror Tycoon,24138671,2 Player Horror Tycoon
585,Escape McDonalds Obby!,24081720,Escape McDonalds Obby!
586,Innovation Arctic Base,24068605,Innovation Arctic Base
587,👮 Border Roleplay | The Grand Crossing,23986836,👮 Border Roleplay | The Grand Crossing
588,Escape The Treehouse Obby!,23884254,Escape The Treehouse Obby!
589,Push Dummies Down The Sparta Hole!,23875651,Push Dummies Down The Sparta Hole!
590,Cube Defense,23830454,Cube Defense
591,Piano Keyboard v1.1,23718406,Piano Keyboard v1.1
592,👪FAMILY! | Boys and Girls Night Club!,23715024,👪FAMILY! | Boys and Girls Night Club!
593,🏖 [SUMMER UPDATE] Simon Says,23673165,🏖 [SUMMER UPDATE] Simon Says
594,[LABPASS] Deadlocked Battle Royale (Beta),23617307,[LABPASS] Deadlocked Battle Royale (Beta)
595,Thrive To Survive Killers,23553479,Thrive To Survive Killers
596,Escape Baldi Obby!,23488559,Escape Baldi Obby!
597,Murder Island 2,23487626,Murder Island 2
598,Bank Tycoon,23326946,Bank Tycoon
599,REVENGE OF THE SLIMES!!!,23245298,REVENGE OF THE SLIMES!!!
600,[GRAVITY ZONE] 🔮 Marble Mania!,23147183,[GRAVITY ZONE] 🔮 Marble Mania!
601,[🥥] STICK FIGURE SANDBOX,23085376,[🥥] STICK FIGURE SANDBOX
602,Martial Arts Battle Arena,23070969,Martial Arts Battle Arena
603,Despicable Forces: Adventure Obby,23052583,Despicable Forces: Adventure Obby
604,Escape The Shipyard Obby!,22994432,Escape The Shipyard Obby!
605,Parkour Tower (HARD),22945582,Parkour Tower (HARD)
606,Shark Attack!,22930169,Shark Attack!
607,⚔️Slicing Simulator⚔️,22917732,⚔️Slicing Simulator⚔️
608,Escape Among Us Obby!,22745425,Escape Among Us Obby!
609,Identity Fraud [Revamp],22727436,Identity Fraud [Revamp]
610,Anime High School 🍡,22718061,Anime High School 🍡
611,MURDER,22688358,MURDER
612,sno day,22512442,sno day
613,[DOGS!] Welcome to Farmtown! [BETA],22512086,[DOGS!] Welcome to Farmtown! [BETA]
614,City Tycoon🏙️,22470884,City Tycoon🏙️
615,[SIREN HEAD] Nightmare Fighters,22458737,[SIREN HEAD] Nightmare Fighters
616,Extreme Sprinting Simulator [MOVED],22405758,Extreme Sprinting Simulator [MOVED]
617,Death Star Tycoon,22398107,Death Star Tycoon
618,[🔥2X LIFT!] Ultimate Lifting Simulator💪,22205876,[🔥2X LIFT!] Ultimate Lifting Simulator💪
619,Trade Hangout [Non-Premium],22160770,Trade Hangout [Non-Premium]
620,STAR SORORITY |✨| NEW UPDATE!,22143231,STAR SORORITY |✨| NEW UPDATE!
621,❤️NEW UPDATE! Boys And Girls PROM NIGHT!❤️,22103313,❤️NEW UPDATE! Boys And Girls PROM NIGHT!❤️
622,Galleons v7.2,22100919,Galleons v7.2
623,🌸SPRING - The Floor is Lava🌸,22082500,🌸SPRING - The Floor is Lava🌸
624,🚀 Jetpack Simulator! ⚡,22037893,🚀 Jetpack Simulator! ⚡
625,Miraculous Ladybug Tycoon,22026540,Miraculous Ladybug Tycoon
626,(VR) Fortnite Dance Emotes,21995069,(VR) Fortnite Dance Emotes
627,Dinosaur Hunter,21943793,Dinosaur Hunter
628,Sword Simulator,21939154,Sword Simulator
629,Ban Hammer Simulator,21920312,Ban Hammer Simulator
630,Fix! Undertale Roleplay(RP),21821982,Fix! Undertale Roleplay(RP)
631,Russian Simulator - Papers Please - UPDATE!,21806568,Russian Simulator - Papers Please - UPDATE!
632,D-Day ᵀᴴᴱ ᴼᴿᴵᴳᴵᴺᴬᴸ,21648217,D-Day ᵀᴴᴱ ᴼᴿᴵᴳᴵᴺᴬᴸ
633,💪Muscle Buster [FREE PET🐶]🍒,21644350,💪Muscle Buster [FREE PET🐶]🍒
634,Hallow's Eve: Sinister Swamp,21507666,Hallow's Eve: Sinister Swamp
635,*REBIRTH 5* Deep Space Tycoon V2.25,21500686,*REBIRTH 5* Deep Space Tycoon V2.25
636,Baldis Basics Parkour,21439909,Baldis Basics Parkour
637,Super Hero Life III,21429382,Super Hero Life III
638,MOUNTAIN SLIDES! ❄️ Snow Resort,21403925,MOUNTAIN SLIDES! ❄️ Snow Resort
639,YouTube Factory Tycoon,21400352,YouTube Factory Tycoon
640,Fortress Tycoon,21375743,Fortress Tycoon
641,Escape the EVIL Baby Obby!,21235675,Escape the EVIL Baby Obby!
642,(Fixed) Hide and Seek,21200946,(Fixed) Hide and Seek
643,Sky Fun Parkour ☁️250 Stages!,21044563,Sky Fun Parkour ☁️250 Stages!
644,Family Life,21037824,Family Life
645,Blocks! [NUKE☢️],21011525,Blocks! [NUKE☢️]
646,Soro's Italian Restaurant,20971792,Soro's Italian Restaurant
647,The 4 Elements Tycoon!,20958099,The 4 Elements Tycoon!
648,Freddy's Ultimate Roleplay,20909166,Freddy's Ultimate Roleplay
649,Floppy Fighters,20839837,Floppy Fighters
650,Black Hole Simulator,20831766,Black Hole Simulator
651,Hello Neighbor 🏘 [Roblox],20797679,Hello Neighbor 🏘 [Roblox]
652,[3YEARS] Creatures Tycoon,20769422,[3YEARS] Creatures Tycoon
653,Shadow Run,20758108,Shadow Run
654,Super Fat Simulator 2,20751507,Super Fat Simulator 2
655,[BACK!] Ro - Gear Tycoon!,20639532,[BACK!] Ro - Gear Tycoon!
656,Hoops - Demo (Basketball),20624860,Hoops - Demo (Basketball)
657,Laser Tag! [SHOP],20566832,Laser Tag! [SHOP]
658,Dragon Ball Advanced Battle,20508837,Dragon Ball Advanced Battle
659,In Loving Memory of Lizzy_Winkle,20473474,In Loving Memory of Lizzy_Winkle
660,Build to Survive!,20461982,Build to Survive!
661,The Underground War 2,20316478,The Underground War 2
662,Bullet Hell [v18b],20299153,Bullet Hell [v18b]
663,Tower of Misery,20297850,Tower of Misery
664,Roleplay is Magic - My Little Pony 3D Roleplay,20240074,Roleplay is Magic - My Little Pony 3D Roleplay
665,Q-CLASH!,20215600,Q-CLASH!
666,5X COINS | Anime Cross,20207424,5X COINS | Anime Cross
667,The Scary School!,20200890,The Scary School!
668,Westbound [🌼Spring Update],20161422,Westbound [🌼Spring Update]
669,⚔️ Sword Fights on the Heights IV,20134986,⚔️ Sword Fights on the Heights IV
670,Crazy Knives (Beta),20079579,Crazy Knives (Beta)
671,[Updated Peace Treaties] Rise of Nations,20033574,[Updated Peace Treaties] Rise of Nations
672,Dare To Cook,20015929,Dare To Cook
673,World Expedition,20012221,World Expedition
674,Survive Area-51!,19986459,Survive Area-51!
675,Minion Freeze Tag,19928486,Minion Freeze Tag
676,Mineverse 💎🧨🔨 Build Craft Survive Pets Zombie,19922433,Mineverse 💎🧨🔨 Build Craft Survive Pets Zombie
677,🗺️NEW MAP🗺️ the future,19901220,🗺️NEW MAP🗺️ the future
678,One Piece Awakening,19889549,One Piece Awakening
679,[💥AVENGERS] SuperHero Fighting Simulator,19837450,[💥AVENGERS] SuperHero Fighting Simulator
680,Temple Run 2 Speed-Run Obby!,19809642,Temple Run 2 Speed-Run Obby!
681,Brawl-Blox,19719595,Brawl-Blox
682,Jedi Temple on Ilum | Balancing Update!,19708076,Jedi Temple on Ilum | Balancing Update!
683,rockefeller street,19645177,rockefeller street
684,[Sale🔥] 😵Tower Stressful😵,19617498,[Sale🔥] 😵Tower Stressful😵
685,Ro-Slayers [ALPHA],19446504,Ro-Slayers [ALPHA]
686,Terminal Railways,19398375,Terminal Railways
687,2 Player Super Villain Tycoon,19333902,2 Player Super Villain Tycoon
688,Pool Hangout!🌴,19220665,Pool Hangout!🌴
689,🔥 Sprinting Simulator 2 🔥,19186143,🔥 Sprinting Simulator 2 🔥
690,[Winter❄] PUBG | ببجي,19161466,[Winter❄] PUBG | ببجي
691,Clueless,19116658,Clueless
692,🚚 Moving Day [Story],19091742,🚚 Moving Day [Story]
693,[NEW]Body Builder Simulator,18949517,[NEW]Body Builder Simulator
694,Copyrighted Artists,18933024,Copyrighted Artists
695,[CLOSED] Tornado Alley ROBLOX,18865669,[CLOSED] Tornado Alley ROBLOX
696,Fear Elevator 2😱[Open!],18836156,Fear Elevator 2😱[Open!]
697,[FIXES] Dragon Ball Super Heroes,18804059,[FIXES] Dragon Ball Super Heroes
698,[GET READY!] Hit or Miss,18771116,[GET READY!] Hit or Miss
699,🎈House Party!🎉 [REOPEN],18755001,🎈House Party!🎉 [REOPEN]
700,💪🏻 Weight Lifting Simulator 5,18708413,💪🏻 Weight Lifting Simulator 5
701,Dead Silence,18703762,Dead Silence
702,[🌴 Jungle] Soda Drinking Simulator,18691955,[🌴 Jungle] Soda Drinking Simulator
703,RO-Port Tycoon,18646586,RO-Port Tycoon
704,Animatronics Awakened,18598432,Animatronics Awakened
705,Murder Mystery 7 ALL FREE★,18586341,Murder Mystery 7 ALL FREE★
706,Ro-Chanics,18572889,Ro-Chanics
707,RECOIL | BETA,18527997,RECOIL | BETA
708,Left 4 Survival [5.8.0] [Swamp and Improvements!],18526973,Left 4 Survival [5.8.0] [Swamp and Improvements!]
709,Two Player Heist Tycoon,18369278,Two Player Heist Tycoon
710,Nightmares [Beta],18330559,Nightmares [Beta]
711,Area 51,18325795,Area 51
712,[UPDATE] Dancing Simulator,18324022,[UPDATE] Dancing Simulator
713,Heartbeat Hospital 🏥,18291332,Heartbeat Hospital 🏥
714,Survivors Vs infected -PIGGY🐷,18264932,Survivors Vs infected -PIGGY🐷
715,POLICESIM 🚔 NYC🗽FBI cars,18142490,POLICESIM 🚔 NYC🗽FBI cars
716,Super Mansion Tycoon🏠,18140431,Super Mansion Tycoon🏠
717,Vampire Kingdom,18062898,Vampire Kingdom
718,Mad Ben's Dimension,18055133,Mad Ben's Dimension
719,Fixes in Progress - DayZ,18018596,Fixes in Progress - DayZ
720,💰 THIEF LIFE Simulator 👮,18012085,💰 THIEF LIFE Simulator 👮
721,Zombie Tag [Shipwrecked],17904481,Zombie Tag [Shipwrecked]
722,🐹Hamster Simulator🐹,17877062,🐹Hamster Simulator🐹
723,Classic Gun Factory Tycoon,17833396,Classic Gun Factory Tycoon
724,4 Player Knights Royale Tycoon,17811241,4 Player Knights Royale Tycoon
725,Longest Obby in Roblox 🎉| 2550,17788508,Longest Obby in Roblox 🎉| 2550
726,MacDonaldsville,17713895,MacDonaldsville
727,The 6th Annual Bloxys,17700782,The 6th Annual Bloxys
728,bhop,17688654,bhop
729,Monster Battle,17633303,Monster Battle
730,Fairy World: FULL BLOOM🌼,17580411,Fairy World: FULL BLOOM🌼
731,Hide n Seek Ultimate,17517166,Hide n Seek Ultimate
732,Ninja Tycoon [Battle Dojo],17511017,Ninja Tycoon [Battle Dojo]
733,🏎️GO-KART🏎️ | Bloxxed V9 Roleplay,17497116,🏎️GO-KART🏎️ | Bloxxed V9 Roleplay
734,Void Script Builder (Place 2),17436177,Void Script Builder (Place 2)
735,SCP Containment Breach [Revert Update!],17435274,SCP Containment Breach [Revert Update!]
736,[Bow Crack] Sinking Ship ⚓️ Roblox Britannic,17411957,[Bow Crack] Sinking Ship ⚓️ Roblox Britannic
737,FE2 Community Maps,17389244,FE2 Community Maps
